title,company,location,work_type,level,compensation,link,id,scraped_date
AI Engineer,PwC,,,,,https://www.builtinla.com/job/ai-engineer/10408735,10408735,2026-08-25
"Principal Platform Engineer, AI & Infrastructure",True Anomaly,,,,,https://www.builtinla.com/job/principal-platform-engineer-ai-infrastructure/10404649,10404649,2026-08-25
NGA AI Engineer Manager,PwC,,,,,https://www.builtinla.com/job/nga-ai-engineer-manager/10394111,10394111,2026-08-25
Software Engineer AI/ML Ops,BlackLine,,,,,https://www.builtinla.com/job/software-engineer-ai-ml-ops/10686685,10686685,2026-08-25
"AI Engineer / Data Scientist, AI Senior Associate",PwC,,,,,https://www.builtinla.com/job/ai-engineer-data-scientist-ai-senior-associate/10516793,10516793,2026-08-25
Senior AI Platform & Tools Engineer,Crunchyroll,,,,,https://www.builtinla.com/job/senior-ai-platform-tools-engineer/10767662,10767662,2026-08-25
Senior AI Solutions Engineer,Crunchyroll,,,,,https://www.builtinla.com/job/senior-ai-solutions-engineer/10767610,10767610,2026-08-25
"Senior Compliance Engineer, AI Governance",True Anomaly,,,,,https://www.builtinla.com/job/senior-compliance-engineer-ai-governance/10764465,10764465,2026-08-25
AI Software Engineer,Relativity Space,,,,,https://www.builtinla.com/job/ai-software-engineer/10750370,10750370,2026-08-25
AI Software Engineer II,Relativity Space,,,,,https://www.builtinla.com/job/ai-software-engineer-ii/10750365,10750365,2026-08-25
CTIO - AI Engineer- Senior Manager,PwC,,,,,https://www.builtinla.com/job/ctio-ai-engineer-senior-manager/10731159,10731159,2026-08-25
Software Engineer I - AI,Chamberlain Group,,,,,https://www.builtinla.com/job/software-engineer-i-ai/10644485,10644485,2026-08-25
"Staff Machine Learning Engineer, Generative AI Modeling and Inference",Snap Inc.,,,,,https://www.builtinla.com/job/staff-machine-learning-engineer-generative-ai-modeling-and-inference/10694754,10694754,2026-08-25
"Senior Manager, Scientific AI Engineer",Pfizer,,,,,https://www.builtinla.com/job/senior-manager-scientific-ai-engineer/10663236,10663236,2026-08-25
"Staff Engineer, Applied AI",Collectors,,,,,https://www.builtinla.com/job/staff-engineer-applied-ai/10807689,10807689,2026-08-25
"Principal Staff Engineer, AI Platform Research, Data Science (Remote)",CrowdStrike,,,,,https://www.builtinla.com/job/principal-staff-engineer-ai-platform-research-data-science-remote/10589194,10589194,2026-08-25
"AI Solutions Engineer (Internal Agents & Workflow Automation, Remote, USA)",M-Files,,,,,https://www.builtinla.com/job/ai-solutions-engineer-internal-agents-workflow-automation-remote-usa/10605064,10605064,2026-08-25
"Fullstack Engineer (TypeScript), AI Engineering: Duo Client SDK",GitLab,,,,,https://www.builtinla.com/job/fullstack-engineer-typescript-ai-engineering-duo-client-sdk/10788149,10788149,2026-08-25
Professional Services Technical Operations Engineer - Agentic AI (Remote),CrowdStrike,,,,,https://www.builtinla.com/job/professional-services-technical-operations-engineer-agentic-ai-remote/10326081,10326081,2026-08-25
"Backend Engineer, AI Engineering: Duo Chat",GitLab,,,,,https://www.builtinla.com/job/backend-engineer-ai-engineering-duo-chat/10784901,10784901,2026-08-25
"Staff Applied AI Engineer, Product & Agent Performance",Arcadia,,,,,https://www.builtinla.com/job/staff-applied-ai-engineer-product-agent-performance/10782880,10782880,2026-08-25
"Security Engineer, AI",Applied Systems,,,,,https://www.builtinla.com/job/security-engineer-ai/10777216,10777216,2026-08-25
GTM AI Engineer,Motive,,,,,https://www.builtinla.com/job/gtm-ai-engineer/10775356,10775356,2026-08-25
"Senior Manager, Solutions Architecture, AI & Developer Platform",Cloudflare,,,,,https://www.builtinla.com/job/senior-manager-solutions-architecture-ai-developer-platform/10775345,10775345,2026-08-25
"Staff Software Engineer, Voice AI Platform",Toast,,,,,https://www.builtinla.com/job/staff-software-engineer-voice-ai-platform/10708359,10708359,2026-08-25
"Senior Manager, GTM Sales Engineer & AI solutions",Toast,,,,,https://www.builtinla.com/job/senior-manager-gtm-sales-engineer-ai-solutions/10769618,10769618,2026-08-25
Distinguished Engineer - AI Security,Citizens,,,,,https://www.builtinla.com/job/distinguished-engineer-ai-security/10768358,10768358,2026-08-25
Principal Security Engineer - AI Data Protection,Citizens,,,,,https://www.builtinla.com/job/principal-security-engineer-ai-data-protection/10768291,10768291,2026-08-25
Senior AI Engineer,GitLab,,,,,https://www.builtinla.com/job/senior-ai-engineer/10765244,10765244,2026-08-25
Principal AI Engineer – Automation & AI,eClinical Solutions,,,,,https://www.builtinla.com/job/principal-ai-engineer-automation-ai/10319806,10319806,2026-08-25
Agentic AI Engineer,Benchling,,,,,https://www.builtinla.com/job/agentic-ai-engineer/10755025,10755025,2026-08-25
Staff AI Engineer,Acquia,,,,,https://www.builtinla.com/job/staff-ai-engineer/10741968,10741968,2026-08-25
Associate AI Automation Engineer/AI Automation Engineer,Applied Systems,,,,,https://www.builtinla.com/job/associate-ai-automation-engineer-ai-automation-engineer/10361448,10361448,2026-08-25
AI Automation Engineer/ Sr. AI Automation Engineer,Applied Systems,,,,,https://www.builtinla.com/job/ai-automation-engineer-sr-ai-automation-engineer/10361450,10361450,2026-08-25
AI Engineer,BlackLine,,,,,https://www.builtinla.com/job/ai-engineer/10686602,10686602,2026-08-25
Senior AI Engineer - Python I FEA/CFD  Surrogate Modeling,The Aerospace Corporation,,,,,https://www.builtinla.com/job/senior-ai-engineer-fea-cfd-surrogate-modeling/10586964,10586964,2026-08-25
"Senior Software Engineer, Backend - Platform (Core AI Automation)",Coinbase,,,,,https://www.builtinla.com/job/senior-software-engineer-backend-platform-core-ai-automation/10294779,10294779,2026-08-25
Senior Gen AI Software Engineer,Liftoff,,,,,https://www.builtinla.com/job/senior-gen-ai-software-engineer/10692403,10692403,2026-08-25
Sr. AI Growth Engineer (Remote),CrowdStrike,,,,,https://www.builtinla.com/job/sr-full-stack-engineer-remote/9725492,9725492,2026-08-25
Senior AI Engineer,Crexi,,,,,https://www.builtinla.com/job/senior-ai-engineer/10649062,10649062,2026-08-25
Senior AI Data Engineer,Samsara,,,,,https://www.builtinla.com/job/senior-ai-data-engineer/10647228,10647228,2026-08-25
Principal AI Platform Engineer,MaintainX,,,,,https://www.builtinla.com/job/principal-ai-platform-engineer/10644652,10644652,2026-08-25
"Senior Full-Stack Software Engineer, AI Core",Circle (circle.so),,,,,https://www.builtinla.com/job/senior-full-stack-software-engineer-ai-core/10640582,10640582,2026-08-25
Senior Software Engineer - Model Evaluation & AI Systems,Deepgram,,,,,https://www.builtinla.com/job/senior-software-engineer-model-evaluation-ai-systems/10408472,10408472,2026-08-25
"Staff Backend Engineer (Ruby), AI Engineering: DAP Repository Flows",GitLab,,,,,https://www.builtinla.com/job/staff-backend-engineer-ruby-ai-engineering-dap-repository-flows/10589691,10589691,2026-08-25
"Solution Engineer, AI Business Process",Microsoft,,,,,https://www.builtinla.com/job/solution-engineer-ai-business-process/10515477,10515477,2026-08-25
"Staff Engineer, AI Solutions Engineering",Fox Corporation,,,,,https://www.builtinla.com/job/staff-engineer-ai-solutions-engineering/10464255,10464255,2026-08-25
Senior Software Development Engineer Search AI,CVS Health,,,,,https://www.builtinla.com/job/senior-software-development-engineer-search-ai/10666982,10666982,2026-08-25
Staff Software Engineer – AI Workflow & Agentic Platforms - 1620,aKube Inc,,,,,https://www.builtinla.com/job/staff-software-engineer-ai-workflow-agentic-platforms-1620/10824466,10824466,2026-08-25
"Senior Business Systems Engineer, AI & Automation",Inspiren,,,,,https://www.builtinla.com/job/senior-business-systems-engineer-ai-automation/10525073,10525073,2026-08-25
Senior Applied AI/ML Engineer,Pivotal Health,,,,,https://www.builtinla.com/job/senior-applied-ai-ml-engineer/10448220,10448220,2026-08-25
"Operations Engineer, Applied AI (Application Software)",SpaceX,,,,,https://www.builtinla.com/job/operations-engineer-applied-ai-application-software/10431096,10431096,2026-08-25
AI and ML Software Engineer,Booz Allen Hamilton,,,,,https://www.builtinla.com/job/ai-and-ml-software-engineer/10441658,10441658,2026-08-25
Sr AI Enablement Engineer,The Trade Desk,,,,,https://www.builtinla.com/job/sr-ai-enablement-engineer/10444475,10444475,2026-08-25
Embodied AI Tooling Engineer,Faraday Future,,,,,https://www.builtinla.com/job/embodied-ai-tooling-engineer/10807920,10807920,2026-08-25
"Artificial Intelligence Engineer, Mid",Booz Allen Hamilton,,,,,https://www.builtinla.com/job/artificial-intelligence-engineer-mid/10804493,10804493,2026-08-25
"Senior Software Engineer, Frontend (Agentic AI)",Sift Stack,,,,,https://www.builtinla.com/job/senior-software-engineer-frontend-agentic-ai/10402870,10402870,2026-08-25
"Software Engineer, Frontend (Agentic AI)",Sift Stack,,,,,https://www.builtinla.com/job/software-engineer-frontend-agentic-ai/10402869,10402869,2026-08-25
AI UX/UI Engineer,Capgemini,,,,,https://www.builtinla.com/job/ai-ux-ui-engineer/10404727,10404727,2026-08-25
AI QE/SDET Engineer,Capgemini,,,,,https://www.builtinla.com/job/ai-qe-sdet-engineer/10404736,10404736,2026-08-25
AI Engineer,Cloud9 Esports,,,,,https://www.builtinla.com/job/ai-engineer/10784175,10784175,2026-08-25
Artificial Intelligence Software Engineer,Booz Allen Hamilton,,,,,https://www.builtinla.com/job/artificial-intelligence-software-engineer/10759752,10759752,2026-08-25
Software Engineer III - AI/ML Platform Operations - Remote,CSAA Insurance Group,,,,,https://www.builtinla.com/job/software-engineer-iii-ai-ml-platform-operations-remote/10739503,10739503,2026-08-25
"AI Game Developer (Designer, Artist, Or Engineer)",Scopely,,,,,https://www.builtinla.com/job/ai-game-developer-designer-artist-or-engineer/10569080,10569080,2026-08-25
Senior Applied AI Engineer – Enterprise Systems,TubeScience,,,,,https://www.builtinla.com/job/senior-ai-workflow-systems-engineer/10378175,10378175,2026-08-25
Principal AI Software Engineer,Northrop Grumman,,,,,https://www.builtinla.com/job/principal-ai-software-engineer/10361470,10361470,2026-08-25
"Senior Software Engineer, Backend  (Agentic AI)",Sift Stack,,,,,https://www.builtinla.com/job/senior-software-engineer-backend-agentic-ai/10327204,10327204,2026-08-25
"Software Engineer, Backend  (Agentic AI)",Sift Stack,,,,,https://www.builtinla.com/job/software-engineer-backend-agentic-ai/10327202,10327202,2026-08-25
AI Ops Engineer - GTM,Tapcart,,,,,https://www.builtinla.com/job/ai-ops-engineer-gtm/10323906,10323906,2026-08-25
"Senior Software Engineer, Full Stack (Agentic AI)",Sift Stack,,,,,https://www.builtinla.com/job/senior-software-engineer-full-stack-agentic-ai/10323277,10323277,2026-08-25
"Software Engineer, Full Stack (Agentic AI)",Sift Stack,,,,,https://www.builtinla.com/job/software-engineer-full-stack-agentic-ai/10325472,10325472,2026-08-25
Reinforcement Learning AI Engineer,Booz Allen Hamilton,,,,,https://www.builtinla.com/job/reinforcement-learning-ai-engineer/10322904,10322904,2026-08-25
Sr Principal Software Engineer - AI Software,Northrop Grumman,,,,,https://www.builtinla.com/job/sr-principal-software-engineer-ai-software/10319426,10319426,2026-08-25
"Software Engineer, AI/Agents",Seso Inc.,,,,,https://www.builtinla.com/job/software-engineer-ai-agents/10504605,10504605,2026-08-25
Senior Software Engineer (AI/ML) -  Remote,CloudPSO,,,,,https://www.builtinla.com/job/senior-software-engineer-ai-ml-remote/10831893,10831893,2026-08-25
Principal Software Engineer - AI Frameworks,Microsoft,,,,,https://www.builtinla.com/job/principal-software-engineer-ai-frameworks/10690723,10690723,2026-08-25
Senior Cloud / AI Developer,General Dynamics Information Technology,,,,,https://www.builtinla.com/job/senior-cloud-ai-developer/10800356,10800356,2026-08-25
AI & Automation Engineer,Minted,,,,,https://www.builtinla.com/job/ai-automation-engineer/10831118,10831118,2026-08-25
ServiceNow Senior Software Engineer - AI,NewRocket,,,,,https://www.builtinla.com/job/servicenow-senior-software-engineer-platform-custom-apps-integration/10744102,10744102,2026-08-25
Senior AI Software Developer,Leidos,,,,,https://www.builtinla.com/job/senior-ai-software-developer/10805031,10805031,2026-08-25
Intermediate Cloud / Artificial Intelligence (AI) Developer,Orion Innovation,,,,,https://www.builtinla.com/job/intermediate-cloud-artificial-intelligence-ai-developer/10828983,10828983,2026-08-25
Senior Cloud / AI Developer,Orion Innovation,,,,,https://www.builtinla.com/job/senior-cloud-ai-developer/10828921,10828921,2026-08-25
AI Reliability Engineer (HPC),Microsoft,,,,,https://www.builtinla.com/job/site-reliability-engineer-hpc/10219006,10219006,2026-08-25
Agentic AI Engineer,General Dynamics Information Technology,,,,,https://www.builtinla.com/job/agentic-ai-engineer/10828135,10828135,2026-08-25
Staff AI Software Engineer,Nextiva,,,,,https://www.builtinla.com/job/staff-ai-software-engineer/10828032,10828032,2026-08-25
Senior Agentic AI Software Engineer,LTS,,,,,https://www.builtinla.com/job/senior-agentic-ai-software-engineer/10463711,10463711,2026-08-25
Senior Applied AI Engineer,LTS,,,,,https://www.builtinla.com/job/senior-applied-ai-engineer/10463708,10463708,2026-08-25
Senior AI Identity Platform Engineer,LTS,,,,,https://www.builtinla.com/job/senior-ai-identity-platform-engineer/10460279,10460279,2026-08-25
Senior Front-End Agentic AI Engineer,LTS,,,,,https://www.builtinla.com/job/senior-front-end-agentic-ai-engineer/10463710,10463710,2026-08-25
Principal AI Threat Detection Engineer - Insider Threat,Blackbaud,,,,,https://www.builtinla.com/job/principal-ai-threat-detection-engineer-insider-threat/10458763,10458763,2026-08-25
Senior AI/ML Platform Engineer,Lyra Health,,,,,https://www.builtinla.com/job/senior-ai-ml-platform-engineer/10466528,10466528,2026-08-25
Senior Software Development Engineer (AI & Agentic Systems),Jamf,,,,,https://www.builtinla.com/job/senior-software-development-engineer-ai-agentic-systems/10467014,10467014,2026-08-25
"Senior Forward Deployed Engineer, AI Infrastructure & Deployments",Komodo Health,,,,,https://www.builtinla.com/job/senior-forward-deployed-engineer-ai-infrastructure-deployments/10468020,10468020,2026-08-25
AI Engineer — GTM Analytics,Databricks,,,,,https://www.builtinla.com/job/ai-engineer-gtm-analytics/10464701,10464701,2026-08-25
Principal AI Developer,Arctic Wolf,,,,,https://www.builtinla.com/job/principal-ai-developer/10799613,10799613,2026-08-25
Senior AI Software Engineer,Solovis,,,,,https://www.builtinla.com/job/senior-software-engineer-agentic-development/10502614,10502614,2026-08-25
"Applied AI Engineer, Internal Automation",OpenSesame,,,,,https://www.builtinla.com/job/applied-ai-engineer-internal-automation/10827110,10827110,2026-08-25
Senior AI Engineer,Maxwell,,,,,https://www.builtinla.com/job/senior-ai-engineer/10817441,10817441,2026-08-25
Solution Engineer - Cloud & AI Infrastructure,Microsoft,,,,,https://www.builtinla.com/job/solution-engineer-cloud-ai-infrastructure/10745783,10745783,2026-08-25
AI & ML Engineer,Vyusoft,,,,,https://www.builtinla.com/job/ai-ml-engineer/10822024,10822024,2026-08-25
AI Creative Engineer (AI Video Ads),Ejam,,,,,https://www.builtinla.com/job/ai-creative-engineer-ai-video-ads/10824765,10824765,2026-08-25
AI Engineer,"Manatt, Phelps & Phillips, LLP",,,,,https://www.builtinla.com/job/ai-engineer/10694084,10694084,2026-08-25
Full Stack AI developer,Ayrin Digital,,,,,https://www.builtinla.com/job/full-stack-ai-developer/10823562,10823562,2026-08-25
Intermediate Cloud / AI Developer,General Dynamics Information Technology,,,,,https://www.builtinla.com/job/intermediate-cloud-ai-developer/10800290,10800290,2026-08-25
AI/ML Engineer Internship,Metasys,,,,,https://www.builtinla.com/job/ai-ml-engineer-internship/10594450,10594450,2026-08-25
"Senior and/or Principal Software Engineer - AI Frameworks Networking, Systems and Tools",Microsoft,,,,,https://www.builtinla.com/job/senior-and-or-principal-software-engineer-ai-frameworks-networking-systems-and-tools/10516313,10516313,2026-08-25
AI Software Engineer,Gaya Technologies Inc,,,,,https://www.builtinla.com/job/ai-software-engineer/10415378,10415378,2026-08-25
Senior AI Engineer,Southern New Hampshire University,,,,,https://www.builtinla.com/job/senior-ai-engineer/10736471,10736471,2026-08-25
Senior Software AI Engineer,Southern New Hampshire University,,,,,https://www.builtinla.com/job/senior-software-ai-engineer/10471828,10471828,2026-08-25
Founding AI Lead Engineer (YC experience),Pragmatike,,,,,https://www.builtinla.com/job/founding-ai-lead-engineer-yc-experience/10684388,10684388,2026-08-25
Lead AI Engineer,Pragmatike,,,,,https://www.builtinla.com/job/lead-ai-engineer/10684372,10684372,2026-08-25
Senior AI Engineer,Pragmatike,,,,,https://www.builtinla.com/job/senior-ai-engineer/10684328,10684328,2026-08-25
Staff AI Engineer,Pragmatike,,,,,https://www.builtinla.com/job/staff-ai-engineer/10684320,10684320,2026-08-25
AI Engineer/ Data Scientist,Simpliigence,,,,,https://www.builtinla.com/job/ai-engineer-data-scientist/10820512,10820512,2026-08-25
Senior AI Controls Solutions Engineer (Australia/Singapore),Phaidra,,,,,https://www.builtinla.com/job/senior-ai-controls-solutions-engineer-australia/10447510,10447510,2026-08-25
Lead AI Engineer,Egen,,,,,https://www.builtinla.com/job/lead-ai-engineer/10443265,10443265,2026-08-25
AI Software Developer,Campspot,,,,,https://www.builtinla.com/job/ai-software-developer/9947426,9947426,2026-08-25
Applied AI Engineer,Jito,,,,,https://www.builtinla.com/job/applied-ai-engineer/10439057,10439057,2026-08-25
Open Source AI Engineer (Typescript),Arize AI,,,,,https://www.builtinla.com/job/open-source-ai-engineer-typescript/10449229,10449229,2026-08-25
AI Native Technical Engineer,JD.com,,,,,https://www.builtinla.com/job/ai-native-technical-engineer/10421141,10421141,2026-08-25
Gen AI Developer Specialist,Hexaware Technologies,,,,,https://www.builtinla.com/job/gen-ai-developer-specialist/10429395,10429395,2026-08-25
Staff Forward Deployed AI Solutions Engineer,Natera,,,,,https://www.builtinla.com/job/staff-forward-deployed-ai-solutions-engineer/10428576,10428576,2026-08-25
Senior Consultant II – AI/ML Engineer,Allstate,,,,,https://www.builtinla.com/job/senior-consultant-ii-ai-ml-engineer-net-focus/10513551,10513551,2026-08-25
"AI Native Engineer, Growth Marketing",CookUnity,,,,,https://www.builtinla.com/job/ai-native-engineer-growth-marketing/10808092,10808092,2026-08-25
Computer Vision AI Engineer,Booz Allen Hamilton,,,,,https://www.builtinla.com/job/computer-vision-ai-engineer/10317046,10317046,2026-08-25
"Senior Design Engineer, AI Platforms",Chess.com,,,,,https://www.builtinla.com/job/senior-design-engineer-ai-platforms/10806831,10806831,2026-08-25
Sr. Software Engineer - AI & Data Platforms (Hybrid),Viant Technology,,,,,https://www.builtinla.com/job/sr-software-engineer/10605712,10605712,2026-08-25
Founding AI Forward Deployed Engineer,RingCentral,,,,,https://www.builtinla.com/job/founding-ai-forward-deployed-engineer/10806010,10806010,2026-08-25
Solution Engineer - AI Workforce,Microsoft,,,,,https://www.builtinla.com/job/solution-engineer-ai-workforce/10804317,10804317,2026-08-25
"ServiceNow Agentic AI Developer  -  IT/OT SecOps (Now Assist, VR, SIR, TI, SPC)  - Texas",Templar Shield,,,,,https://www.builtinla.com/job/servicenow-agentic-ai-developer-it-ot-secops-now-assist-vr-sir-ti-spc-texas/10800451,10800451,2026-08-25
"ServiceNow Agentic AI Developer - IRM, TPRM & BCM - Texas",Templar Shield,,,,,https://www.builtinla.com/job/servicenow-agentic-ai-developer-irm-tprm-bcm-texas/10800450,10800450,2026-08-25
Moveworks Agentic AI Developer Remote - Texas,Templar Shield,,,,,https://www.builtinla.com/job/moveworks-agentic-ai-developer-remote-texas/10800436,10800436,2026-08-25
Lead AI Engineer,"Veracity Insurance Solutions, LLC",,,,,https://www.builtinla.com/job/lead-ai-engineer/10800166,10800166,2026-08-25
Senior Applied AI Engineer,"Veracity Insurance Solutions, LLC",,,,,https://www.builtinla.com/job/senior-applied-ai-engineer/10800133,10800133,2026-08-25
Cloud Support  Engineer – Microsoft 365 and AI,Blueprint,,,,,https://www.builtinla.com/job/bilingual-ai-cloud-solution-architect-copilot-agents/10605080,10605080,2026-08-25
Developer Experience Engineer II and/or Senior Developer Experience Engineer - AI Frameworks,Microsoft,,,,,https://www.builtinla.com/job/developer-experience-engineer-ii-and-or-senior-developer-experience-engineer-ai-frameworks/10745855,10745855,2026-08-25
"Senior Software Engineer, Artificial Intelligence",Fabric Health,,,,,https://www.builtinla.com/job/senior-software-engineer-artificial-intelligence/10797472,10797472,2026-08-25
"Principal Software Engineer, AI",Pepper Auditors,,,,,https://www.builtinla.com/job/principal-software-engineer-ai/10797100,10797100,2026-08-25
Senior AI Engineer - Growth,Kraken Digital Asset Exchange,,,,,https://www.builtinla.com/job/senior-ai-engineer-growth/10404387,10404387,2026-08-25
"Staff Software Engineer, AI",YipitData,,,,,https://www.builtinla.com/job/staff-software-engineer-ai/10395300,10395300,2026-08-25
AI Forward Deployed Engineer,Magical,,,,,https://www.builtinla.com/job/ai-forward-deployed-engineer/7209985,7209985,2026-08-25
Android Software Engineer - AI Neobank App,BJAK,,,,,https://www.builtinla.com/job/android-software-engineer-ai-neobank-app/10389543,10389543,2026-08-25
Mobile Application Developer - AI Neobank App,BJAK,,,,,https://www.builtinla.com/job/mobile-application-developer-ai-neobank-app/10391903,10391903,2026-08-25
Senior AI Engineer,AbsenceSoft,,,,,https://www.builtinla.com/job/senior-ai-engineer/10399115,10399115,2026-08-25
Forward Deployed Engineer – Agentic AI,"Solvd, Inc.",,,,,https://www.builtinla.com/job/forward-deployed-engineer-agentic-ai/10404576,10404576,2026-08-25
Senior AI Platform Engineer,Placer.ai,,,,,https://www.builtinla.com/job/senior-ai-platform-engineer/10396472,10396472,2026-08-25
Senior and/or Principal Software Engineer - AI Frameworks,Microsoft,,,,,https://www.builtinla.com/job/senior-and-or-principal-software-engineer-ai-frameworks/10519670,10519670,2026-08-25
"Sr Solution Engineer, Cloud & AI Infrastructure - CTJ - Top Secret",Microsoft,,,,,https://www.builtinla.com/job/sr-solution-engineer-cloud-ai-infrastructure-ctj-top-secret/10462981,10462981,2026-08-25
Solution Engineer - AI Business Process,Microsoft,,,,,https://www.builtinla.com/job/solution-engineer-ai-business-process/10784509,10784509,2026-08-25
Solution Engineer - Cloud & AI Data Platform,Microsoft,,,,,https://www.builtinla.com/job/solution-engineer-cloud-ai-data-platform/10542866,10542866,2026-08-25
Copilot Developer/AI Engineer - 1-2 years experience,Pyrovio,,,,,https://www.builtinla.com/job/copilot-developer-ai-engineer/10468830,10468830,2026-08-25
AI Engineer,Perficient,,,,,https://www.builtinla.com/job/ai-engineer/10792381,10792381,2026-08-25
Senior AI Automation Engineer,Later,,,,,https://www.builtinla.com/job/ai-automation-engineer/9536540,9536540,2026-08-25
AI Engineer (R-00218),"True Zero Technologies, LLC",,,,,https://www.builtinla.com/job/ai-engineer-r-00218/10757105,10757105,2026-08-25
AI Engineer,Tiny Health,,,,,https://www.builtinla.com/job/ai-engineer/10790564,10790564,2026-08-25
Senior AI Software Engineer (US),Zapata Quantum,,,,,https://www.builtinla.com/job/senior-ai-software-engineer-us/10789203,10789203,2026-08-25
"Senior Software Engineer, AI/ML Platform",Agility Robotics,,,,,https://www.builtinla.com/job/senior-software-engineer-ai-ml-platform/10785763,10785763,2026-08-25
AI Engineer,General Dynamics Information Technology,,,,,https://www.builtinla.com/job/ai-engineer/10784626,10784626,2026-08-25
AI/ML Engineer (Hybrid NLP + Classification),South Geeks,,,,,https://www.builtinla.com/job/ai-ml-engineer-hybrid-nlp-classification/10783380,10783380,2026-08-25
Software Engineer II and/or Senior Software Engineer - AI Compilers,Microsoft,,,,,https://www.builtinla.com/job/software-engineer-ii-and-or-senior-software-engineer-ai-compilers/10487198,10487198,2026-08-25
Staff Software Engineer - AI Discovery & Posture,Delinea,,,,,https://www.builtinla.com/job/staff-software-engineer-ai-discovery-posture/10781331,10781331,2026-08-25
Lead Decision Intelligence Engineer (AI) - NBA,Humana,,,,,https://www.builtinla.com/job/lead-decision-intelligence-engineer-ai-nba/10780962,10780962,2026-08-25
Forward Deployed AI Solutions Engineer,Natera,,,,,https://www.builtinla.com/job/forward-deployed-ai-solutions-engineer/10430358,10430358,2026-08-25
Senior HPC AI Cluster Engineer,NVIDIA,,,,,https://www.builtinla.com/job/senior-hpc-ai-cluster-engineer/10776201,10776201,2026-08-25
"Senior Data Engineer, AI Platform",Zip Co,,,,,https://www.builtinla.com/job/senior-data-engineer-ai-platform/10774142,10774142,2026-08-25
Lead Engineer - AI Payments App,BJAK,,,,,https://www.builtinla.com/job/lead-engineer-ai-payments-app/10767628,10767628,2026-08-25
Lead Engineer - AI-Native Email App,BJAK,,,,,https://www.builtinla.com/job/lead-engineer-ai-native-email-app/10767557,10767557,2026-08-25
Senior 3D & AI Systems Software Developer,CoLab Software,,,,,https://www.builtinla.com/job/senior-3d-ai-systems-software-developer/10762803,10762803,2026-08-25
Senior AI/ML Engineer,Velir,,,,,https://www.builtinla.com/job/senior-ai-ml-engineer/10761235,10761235,2026-08-25
Senior Software Engineer - AI Enablement Compliance,Kraken Digital Asset Exchange,,,,,https://www.builtinla.com/job/senior-software-engineer-ai-enablement-compliance/10759405,10759405,2026-08-25
Senior Software Engineer - AI Enablement HR,Kraken Digital Asset Exchange,,,,,https://www.builtinla.com/job/senior-software-engineer-ai-enablement-hr/10759343,10759343,2026-08-25
AI Engineer Lead,Capital Group,,,,,https://www.builtinla.com/job/ai-engineer-lead/10212500,10212500,2026-08-25
Data & AI Platform Engineer,Armanino LLP,,,,,https://www.builtinla.com/job/data-ai-platform-engineer/10606196,10606196,2026-08-25
Senior Data & AI Platform Engineer,Armanino LLP,,,,,https://www.builtinla.com/job/senior-data-ai-platform-engineer/10606145,10606145,2026-08-25
AI Forward Deployed Engineer,OneStream Software,,,,,https://www.builtinla.com/job/ai-forward-deployed-engineer/10757006,10757006,2026-08-25
AI SEO Engineer,Datasys Group,,,,,https://www.builtinla.com/job/ai-seo-engineer/10382663,10382663,2026-08-25
Legal Engineer - AI (DACH),BRYTER GmbH,,,,,https://www.builtinla.com/job/legal-engineer-ai-dach/10386470,10386470,2026-08-25
Senior Software Engineer II - Ingestion AI Engineer,Aledade,,,,,https://www.builtinla.com/job/senior-software-engineer-ii-ingestion-ai-engineer/10378924,10378924,2026-08-25
"C# Engineer, AI Code Reviewer",G2i,,,,,https://www.builtinla.com/job/c-engineer-ai-code-reviewer/10754808,10754808,2026-08-25
"Python Engineer, AI Code Reviewer",G2i,,,,,https://www.builtinla.com/job/python-engineer-ai-code-reviewer/10754807,10754807,2026-08-25
"Go Engineer, AI Code Reviewer",G2i,,,,,https://www.builtinla.com/job/go-engineer-ai-code-reviewer/10754809,10754809,2026-08-25
"Principal AI Software Engineer, GTM",brightwheel,,,,,https://www.builtinla.com/job/principal-ai-software-engineer-gtm/10751849,10751849,2026-08-25
"Staff Backend AI Engineer, Remote",Experian,,,,,https://www.builtinla.com/job/staff-backend-ai-engineer-remote/10749269,10749269,2026-08-25
AI Engineer,Guidehouse,,,,,https://www.builtinla.com/job/ai-engineer/10339531,10339531,2026-08-25
"Senior UI Engineer (React/React Native & AI Development) - Plano, TX",Photon,,,,,https://www.builtinla.com/job/senior-ui-engineer-react-react-native-ai-development-plano-tx/10747312,10747312,2026-08-25
"Solution Engineer - Cloud & AI Software, Dev Tools, and AI",Microsoft,,,,,https://www.builtinla.com/job/solution-engineer-cloud-ai-software-dev-tools-and-ai/10745955,10745955,2026-08-25
Staff Software Engineer - AI - Platform Integrations,Delinea,,,,,https://www.builtinla.com/job/staff-software-engineer-ai-platform-integrations/10741757,10741757,2026-08-25
AI Customer Insights Engineer,Seeq,,,,,https://www.builtinla.com/job/ai-customer-insights-engineer/10741509,10741509,2026-08-25
"Software Engineer, AI Application",Plane,,,,,https://www.builtinla.com/job/software-engineer-ai-application/10737828,10737828,2026-08-25
"Senior Software Engineer II, (AI Native)",Life360,,,,,https://www.builtinla.com/job/senior-software-engineer-ii-ai-native/10737751,10737751,2026-08-25
Senior AI Engineer - Grafana AI/ML | USA | Remote,Grafana Labs,,,,,https://www.builtinla.com/job/senior-ai-engineer-grafana-ai-ml-usa-remote/10395065,10395065,2026-08-25
Python + Gen AI Developer - New York,Photon,,,,,https://www.builtinla.com/job/python-gen-ai-developer-new-york/10361017,10361017,2026-08-25
"Software Engineer 5 – Training Platform, AI Platform",Netflix,,,,,https://www.builtinla.com/job/software-engineer-5-training-platform-ai-platform/10368564,10368564,2026-08-25
"Software Engineer 4/5 –  Data and Feature Infrastructure, AI Platform",Netflix,,,,,https://www.builtinla.com/job/software-engineer-4-5-data-and-feature-infrastructure-ai-platform/10368591,10368591,2026-08-25
Gen AI Engineer,Tiger Analytics,,,,,https://www.builtinla.com/job/gen-ai-engineer/10367553,10367553,2026-08-25
Principal Machine Learning Engineer- AI Context,HubSpot,,,,,https://www.builtinla.com/job/principal-machine-learning-engineer-ai-context/10377935,10377935,2026-08-25
"Senior AI Engineer,  Real-World Data",Natera,,,,,https://www.builtinla.com/job/senior-ai-engineer-real-world-data/10381145,10381145,2026-08-25
"Software Engineer, AI Enablement",Tailscale,,,,,https://www.builtinla.com/job/software-engineer-ai-enablement/10380131,10380131,2026-08-25
Senior IT/Security Engineer (AI-native),Incredible Health,,,,,https://www.builtinla.com/job/senior-it-security-engineer-ai-native/10732529,10732529,2026-08-25
"Software Development Engineer I (Full stack - .NET, Angular, AI-Assisted Development)",Spektra Systems LLC,,,,,https://www.builtinla.com/job/software-development-engineer-i-full-stack-net-angular-ai-assisted-development/10333960,10333960,2026-08-25
"Senior Applied AI Engineer, Cybersecurity",NVIDIA,,,,,https://www.builtinla.com/job/senior-applied-scientist-cyber-defense/10731044,10731044,2026-08-25
Applied AI Engineer,Shipbob,,,,,https://www.builtinla.com/job/applied-ai-engineer/10721356,10721356,2026-08-25
Staff AI Corporate Engineer,Laurel,,,,,https://www.builtinla.com/job/staff-ai-corporate-engineer/10729974,10729974,2026-08-25
AI-Native Web Developer,Spektra Systems LLC,,,,,https://www.builtinla.com/job/ai-native-web-developer/10334058,10334058,2026-08-25
Lead AI Engineer,Legrand,,,,,https://www.builtinla.com/job/lead-ai-engineer/10333831,10333831,2026-08-25
Applied AI Engineer,NinjaTech AI,,,,,https://www.builtinla.com/job/applied-ai-engineer/10327929,10327929,2026-08-25
Lead AI Engineer,KeyBank,,,,,https://www.builtinla.com/job/technical-lead/9133120,9133120,2026-08-25
AI/ML Engineer — Generative AI Mission Systems,Rackner,,,,,https://www.builtinla.com/job/ai-ml-engineer-generative-ai-mission-systems/10326783,10326783,2026-08-25
Agentic AI Engineer,Elastic,,,,,https://www.builtinla.com/job/agentic-ai-engineer/10338656,10338656,2026-08-25
Forward Deployed Engineer - AI/ML Data Science,Cengage Group,,,,,https://www.builtinla.com/job/forward-deployed-engineer-ai-ml-data-science/10356718,10356718,2026-08-25
"Principal Solutions Engineer, Data & AI",MedScout,,,,,https://www.builtinla.com/job/principal-solutions-engineer-data-ai/10729073,10729073,2026-08-25
"Senior Developer Relations, AI - Security",NVIDIA,,,,,https://www.builtinla.com/job/senior-developer-relations-ai-security/10727420,10727420,2026-08-25
"Distinguished Engineer, AI Safety and Security Engineering",NVIDIA,,,,,https://www.builtinla.com/job/distinguished-engineer-ai-safety-and-security-engineering/10727413,10727413,2026-08-25
"Security Research Engineer, AI Safety and Security Engineering",NVIDIA,,,,,https://www.builtinla.com/job/security-research-engineer-ai-safety-and-security-engineering/10727398,10727398,2026-08-25
Senior Java Full Stack Developer with AI,Hexaware Technologies,,,,,https://www.builtinla.com/job/senior-java-full-stack-developer-ai/10725936,10725936,2026-08-25
"Senior Software Engineer, Python + AI Platform",Smarsh,,,,,https://www.builtinla.com/job/senior-software-engineer-python-ai-platform/10719917,10719917,2026-08-25
Principal Security Engineer -DLP AI Security Automation,Citizens,,,,,https://www.builtinla.com/job/principal-security-engineer-dlp-ai-security-automation/10718860,10718860,2026-08-25
Sr. Software Engineer (AI First),OPENLANE,,,,,https://www.builtinla.com/job/senior-full-stack-developer/10392848,10392848,2026-08-25
AI First Software Engineer (Remote),OPENLANE,,,,,https://www.builtinla.com/job/ai-first-software-engineer-remote/10716474,10716474,2026-08-25
Principal Engineer - AI Security,Thrivent Financial,,,,,https://www.builtinla.com/job/principal-engineer-ai-security/10713372,10713372,2026-08-25
Principal Software Engineer - AI,OnBoard,,,,,https://www.builtinla.com/job/principal-software-engineer-ai/10710876,10710876,2026-08-25
AI Solutions Engineer,Torq,,,,,https://www.builtinla.com/job/ai-solutions-engineer/10389437,10389437,2026-08-25
Lead AI Engineer,"BTicino Dominicana, S.R.L.",,,,,https://www.builtinla.com/job/lead-ai-engineer/10320339,10320339,2026-08-25
"AI Native, Tech Ops Engineer",ConsumerAffairs,,,,,https://www.builtinla.com/job/ai-native-tech-ops-engineer/10319675,10319675,2026-08-25
AI Solutions & Enablement Engineer,South Geeks,,,,,https://www.builtinla.com/job/ai-solutions-enablement-engineer/10311378,10311378,2026-08-25
Staff AI Solutions Engineer,Included Health,,,,,https://www.builtinla.com/job/staff-ai-solutions-engineer/10318196,10318196,2026-08-25
Lead AI Engineer – Cloud Infrastructure & Automation,EXL,,,,,https://www.builtinla.com/job/lead-ai-engineer-cloud-infrastructure-automation/10317134,10317134,2026-08-25
"GTM Engineer, AI & Automation",ClickHouse,,,,,https://www.builtinla.com/job/gtm-engineer-ai-automation/10318452,10318452,2026-08-25
"Software Engineer, AI Platform",Nominal,,,,,https://www.builtinla.com/job/software-engineer-ai-platform/10558861,10558861,2026-08-25
Staff AI Software Engineer,Northrop Grumman,,,,,https://www.builtinla.com/job/staff-ai-software-engineer/10552305,10552305,2026-08-25
Generative AI Automation Engineer - Remote Job,Enthuziastic,,,,,https://www.builtinla.com/job/generative-ai-automation-engineer-remote-job/10701572,10701572,2026-08-25
Senior AI Engineer,ActiveCampaign,,,,,https://www.builtinla.com/job/senior-ai-engineer/9952492,9952492,2026-08-25
"Senior Software Engineer, Voice AI & Data Infrastructure",WorkHero,,,,,https://www.builtinla.com/job/senior-software-engineer-voice-ai-data-infrastructure/10698701,10698701,2026-08-25
"Senior Software Engineer, AI Full Stack",WorkHero,,,,,https://www.builtinla.com/job/senior-software-engineer-ai-full-stack/10698653,10698653,2026-08-25
"Senior AI Compiler Engineer, MLIR",NVIDIA,,,,,https://www.builtinla.com/job/senior-ai-compiler-engineer-mlir/10698322,10698322,2026-08-25
"HPC Engineer, AI and Data",Rescale,,,,,https://www.builtinla.com/job/hpc-engineer-ai-and-data/10698175,10698175,2026-08-25
Endpoint Engineer - AI Desktop Deployment (R-00193),"True Zero Technologies, LLC",,,,,https://www.builtinla.com/job/endpoint-engineer-ai-desktop-deployment-r-00193/10692198,10692198,2026-08-25
AI/ML Engineer (R-00194),"True Zero Technologies, LLC",,,,,https://www.builtinla.com/job/ai-ml-engineer-r-00194/10692061,10692061,2026-08-25
AI-Ready Context Engineer/ Ontologist,KeyBank,,,,,https://www.builtinla.com/job/ai-ready-context-engineer-ontologist/10691630,10691630,2026-08-25
Senior Applied AI Partner Solution Engineer - APAC,Talkdesk,,,,,https://www.builtinla.com/job/senior-partner-solutions-engineer-apac/10267350,10267350,2026-08-25
Cloud/AI Developer,Orion Innovation,,,,,https://www.builtinla.com/job/cloud-ai-developer/10683033,10683033,2026-08-25
"Staff Software Engineer, AI & Platform",arketa,,,,,https://www.builtinla.com/job/staff-software-engineer-ai-platform/10682831,10682831,2026-08-25
"Principal AI Engineer, Distributed Systems & Intelligent Platforms",Calliere,,,,,https://www.builtinla.com/job/principal-ai-engineer-distributed-systems-intelligent-platforms/10682339,10682339,2026-08-25
Senior AI/ML Backend Engineer,Lyra Health,,,,,https://www.builtinla.com/job/senior-ai-ml-backend-engineer/10466562,10466562,2026-08-25
Principal Test Engineer – Agentic AI (Remote),Businessolver,,,,,https://www.builtinla.com/job/principal-test-engineer-agentic-ai-remote/10650096,10650096,2026-08-25
AI Engineer Intern,OleOle,,,,,https://www.builtinla.com/job/ai-engineer-intern/10518580,10518580,2026-08-25
Forward Deployed Engineer & Agentic Workflow Engineer – AI Innovation & Transformation,CrossCountry Consulting,,,,,https://www.builtinla.com/job/forward-deployed-engineer-agentic-workflow-engineer-ai-innovation-transformation/10674896,10674896,2026-08-25
Execution Engineer (Full-Stack) – AI Execution Platforms,Softchoice,,,,,https://www.builtinla.com/job/execution-engineer-full-stack-ai-execution-platforms/10513110,10513110,2026-08-25
Execution Engineer (Full-Stack) – AI Execution Platforms,World Wide Technology,,,,,https://www.builtinla.com/job/execution-engineer-full-stack-ai-execution-platforms/10514020,10514020,2026-08-25
AI Engineer II,Finance of America Companies,,,,,https://www.builtinla.com/job/ai-engineer-ii/10671090,10671090,2026-08-25
Senior AI Engineer,Mitratech,,,,,https://www.builtinla.com/job/senior-ai-engineer/10667048,10667048,2026-08-25
Forward Deployment Engineer - AI & Agentic Solutions,Visionary Integration Professionals,,,,,https://www.builtinla.com/job/forward-deployment-engineer-ai-agentic-solutions/10664196,10664196,2026-08-25
"Software Engineer-Innovation /AI -On-site @West Hills, CA",Regal Group,,,,,https://www.builtinla.com/job/software-engineer-innovation-ai-site-west-hills-ca/10515406,10515406,2026-08-25
AI/ML Engineer - School,Cengage Group,,,,,https://www.builtinla.com/job/ai-ml-engineer-school/10044635,10044635,2026-08-25
"Sr Software Engineer, Cribl AI",Cribl,,,,,https://www.builtinla.com/job/sr-software-engineer-cribl-ai/10649594,10649594,2026-08-25
Senior .NET/C# Engineer - Iris AI,Delinea,,,,,https://www.builtinla.com/job/senior-software-development-engineer-iris-ai/10646010,10646010,2026-08-25
Senior AI Platform Developer,MaintainX,,,,,https://www.builtinla.com/job/senior-ai-platform-developer/10644616,10644616,2026-08-25
Staff AI/ML Engineer,Neural Earth,,,,,https://www.builtinla.com/job/staff-ai-ml-engineer/10642686,10642686,2026-08-25
Front End AI Engineer,Outmarket AI,,,,,https://www.builtinla.com/job/front-end-ai-engineer/10641871,10641871,2026-08-25
Forward Deployed AI Engineer,Outmarket AI,,,,,https://www.builtinla.com/job/forward-deployed-ai-engineer/10641867,10641867,2026-08-25
Full Stack AI Engineer,Outmarket AI,,,,,https://www.builtinla.com/job/full-stack-ai-engineer/10641851,10641851,2026-08-25
Junior AI/ML Engineer,TensorOps,,,,,https://www.builtinla.com/job/junior-ai-ml-engineer/10635590,10635590,2026-08-25
Photonic Product Engineer – AI & Automation,Nokia,,,,,https://www.builtinla.com/job/photonic-product-engineer-ai-automation/10634970,10634970,2026-08-25
Principal AI Engineer,"Vertex, Inc.",,,,,https://www.builtinla.com/job/principal-ai-engineer/10211176,10211176,2026-08-25
AI Design Engineer - Momentum,Virtuous,,,,,https://www.builtinla.com/job/senior-product-design-engineer/10246034,10246034,2026-08-25
"Senior Full Stack Engineer, AI Scheduling",Calendly,,,,,https://www.builtinla.com/job/full-stack-engineer-iii/8771479,8771479,2026-08-25
Senior Platform Engineer - AI,Google Fiber,,,,,https://www.builtinla.com/job/senior-ai-platform-engineer/9416164,9416164,2026-08-25
Senior AI/ML Engineer,URUS Group,,,,,https://www.builtinla.com/job/ai-engineer/10631811,10631811,2026-08-25
Senior AI/ML Engineer,Alta Genetics,,,,,https://www.builtinla.com/job/ai-engineer/10631588,10631588,2026-08-25
"Senior Full-Stack Product Engineer, AI Products",Solv.,,,,,https://www.builtinla.com/job/senior-full-stack-product-engineer-ai-products/10629588,10629588,2026-08-25
AI Engineer,Trace3,,,,,https://www.builtinla.com/job/ai-engineer/10628778,10628778,2026-08-25
Staff Engineer -Applied AI and Salesforce,ServiceTitan,,,,,https://www.builtinla.com/job/lead-salesforce-developer/9813728,9813728,2026-08-25
"GTM Engineer, Applied AI",TLDR Media,,,,,https://www.builtinla.com/job/gtm-engineer-applied-ai/10625057,10625057,2026-08-25
"Founding Engineer, AI Platform",Remotebase,,,,,https://www.builtinla.com/job/founding-engineer-ai-platform/10620915,10620915,2026-08-25
AI Engineer,Stateside,,,,,https://www.builtinla.com/job/ai-engineer/10615377,10615377,2026-08-25
"Senior Software Engineer, 3D Systems & AI",Unity,,,,,https://www.builtinla.com/job/senior-software-engineer-3d-systems-ai/10613513,10613513,2026-08-25
Senior Data Scientist / ML Engineer (Gen AI)_Boston,Photon,,,,,https://www.builtinla.com/job/senior-data-scientist-ml-engineer-gen-ai-boston/10612062,10612062,2026-08-25
Senior Agentic AI Engineer (Python)_Boston,Photon,,,,,https://www.builtinla.com/job/senior-agentic-ai-engineer-python-boston/10612061,10612061,2026-08-25
Applied AI Engineer,"General Matter, Inc.",,,,,https://www.builtinla.com/job/applied-ai-engineer/10493498,10493498,2026-08-25
General Pipeline - FullStack Applied AI Engineer,Infinity Constellation,,,,,https://www.builtinla.com/job/general-pipeline-fullstack-applied-ai-engineer/10611579,10611579,2026-08-25
"Backend Engineer, AI Internal Systems",BJAK,,,,,https://www.builtinla.com/job/backend-engineer-ai-internal-systems/10602186,10602186,2026-08-25
"Full Stack Engineer, AI Internal Systems",BJAK,,,,,https://www.builtinla.com/job/full-stack-engineer-ai-internal-systems/10602170,10602170,2026-08-25
"Lead Engineer, AI Internal Systems",BJAK,,,,,https://www.builtinla.com/job/lead-engineer-ai-internal-systems/10602163,10602163,2026-08-25
Senior Solution Engineer - Cloud & AI Data Platform,Microsoft,,,,,https://www.builtinla.com/job/senior-solution-engineer-cloud-ai-data-platform/10550230,10550230,2026-08-25
Service Engineer AI Data Center,TekWissen LLC,,,,,https://www.builtinla.com/job/service-engineer-ai-data-center/10596369,10596369,2026-08-25
Applied AI Engineer,Axle Mobility,,,,,https://www.builtinla.com/job/applied-ai-engineer/10475476,10475476,2026-08-25
"Application Software Engineer, Applied AI",SpaceX,,,,,https://www.builtinla.com/job/application-software-engineer-applied-ai/10471196,10471196,2026-08-25
Staff ML Engineer (ML/AI),Lyra Health,,,,,https://www.builtinla.com/job/staff-ml-engineer-ml-ai/10593031,10593031,2026-08-25
AI Developer Based in U.S.A,"Advancio, Inc",,,,,https://www.builtinla.com/job/ai-developer-based-u-s/10590660,10590660,2026-08-25
AI Developer,"Advancio, Inc",,,,,https://www.builtinla.com/job/ai-developer/10590654,10590654,2026-08-25
Applied AI/ML Engineer,Intangible,,,,,https://www.builtinla.com/job/applied-ai-ml-engineer/10589151,10589151,2026-08-25
"Product Pre-Sales Engineer, AI",NICE,,,,,https://www.builtinla.com/job/product-pre-sales-engineer-cx/10158911,10158911,2026-08-25
Lead AI Systems Engineer,Benepass,,,,,https://www.builtinla.com/job/lead-ai-systems-engineer/10589010,10589010,2026-08-25
AI Developer,Salvo Software,,,,,https://www.builtinla.com/job/ai-developer/10585360,10585360,2026-08-25
Sr AI Engineer - Product,MeridianLink,,,,,https://www.builtinla.com/job/sr-ai-engineer-product/10579945,10579945,2026-08-25
Sr AI Engineer - Data,MeridianLink,,,,,https://www.builtinla.com/job/sr-ai-engineer-data/10579915,10579915,2026-08-25
"Applied AI Engineer, Agents & Automations",Cohere AI,,,,,https://www.builtinla.com/job/applied-ai-engineer-agents-automations/10577856,10577856,2026-08-25
Applied AI Engineer - Hiring Automation (CEO's Office),Interface AI,,,,,https://www.builtinla.com/job/applied-ai-engineer-hiring-automation-ceo-s-office/10575040,10575040,2026-08-25
"Software Engineer, Agentic AI",Displai,,,,,https://www.builtinla.com/job/software-engineer-agentic-ai/10574698,10574698,2026-08-25
AI Inference Core - Senior SW Engineer for Platform & DevOps,Cerebras Systems Inc.,,,,,https://www.builtinla.com/job/ai-inference-core-senior-sw-engineer-platform-devops/10574468,10574468,2026-08-25
AI Infrastructure Operations Engineer,Cerebras Systems Inc.,,,,,https://www.builtinla.com/job/ai-infrastructure-operations-engineer/10574454,10574454,2026-08-25
AI Inference Core - Infrastructure SW Engineer,Cerebras Systems Inc.,,,,,https://www.builtinla.com/job/ai-inference-core-infrastructure-sw-engineer/10574451,10574451,2026-08-25
AI Inference Core - Software Integration Engineer,Cerebras Systems Inc.,,,,,https://www.builtinla.com/job/ai-inference-core-software-integration-engineer/10574425,10574425,2026-08-25
AI Inference Tools Engineer,Modular,,,,,https://www.builtinla.com/job/ai-inference-tools-engineer/10573547,10573547,2026-08-25
Applied AI Engineer,Mission UK & EU,,,,,https://www.builtinla.com/job/applied-ai-engineer/10570506,10570506,2026-08-25
Senior Principal AI Engineer,Cerence Inc.,,,,,https://www.builtinla.com/job/senior-principal-ai-engineer/10565341,10565341,2026-08-25
"Lead Engineer, AI Attack Simulation",HiddenLayer,,,,,https://www.builtinla.com/job/lead-engineer-ai-attack-simulation/10563804,10563804,2026-08-25
AI Provider Operations & Support Engineer,OpenRouter,,,,,https://www.builtinla.com/job/ai-provider-operations-engineer/7766244,7766244,2026-08-25
Staff AI Engineer Clinical Solutions,IDEXX,,,,,https://www.builtinla.com/job/staff-data-scientist/9621443,9621443,2026-08-25
Senior Full Stack AI Engineer,Chaos Labs,,,,,https://www.builtinla.com/job/senior-full-stack-ai-engineer/10548333,10548333,2026-08-25
IT Platform Engineer (Data Lake and AI Gateway),Sembi,,,,,https://www.builtinla.com/job/it-platform-engineer-data-lake-and-ai-gateway/10546136,10546136,2026-08-25
Enterprise AI Platform Engineer,DISCO,,,,,https://www.builtinla.com/job/enterprise-ai-platform-engineer/10538816,10538816,2026-08-25
AI Workflow Engineer/Automation Architect,Modern Family Law,,,,,https://www.builtinla.com/job/ai-workflow-engineer-automation-architect/10537342,10537342,2026-08-25
"Senior Engineer, AI/ML",A2Z Sync,,,,,https://www.builtinla.com/job/senior-engineer-ai-ml/10533752,10533752,2026-08-25
Senior/Staff Full Stack AI Engineer,BrightHire,,,,,https://www.builtinla.com/job/senior-staff-full-stack-ai-engineer/10533140,10533140,2026-08-25
AI Marketing Solutions Engineer,Delinea,,,,,https://www.builtinla.com/job/ai-marketing-solutions-engineer/10530844,10530844,2026-08-25
Lead AI Engineer,Tiger Analytics,,,,,https://www.builtinla.com/job/lead-ai-engineer/10530239,10530239,2026-08-25
Solutions Engineer - AI Focus,LaunchDarkly,,,,,https://www.builtinla.com/job/ai-specialist/10138702,10138702,2026-08-25
Senior AI Engineer,Cellebrite,,,,,https://www.builtinla.com/job/senior-ai-engineer/10524158,10524158,2026-08-25
"SR. SYSTEMS ENGINEER PRINCIPAL (HPC/AI System Administrator, Multi-discipline Expert)",General Dynamics Information Technology,,,,,https://www.builtinla.com/job/sr-systems-engineer-principal-hpc-ai-system-administrator-multi-discipline-expert/10522690,10522690,2026-08-25
"Staff Firmware Engineer, AI Native, Edge ML",Life360,,,,,https://www.builtinla.com/job/staff-firmware-engineer-ai-native-edge-ml/10516373,10516373,2026-08-25
AI Engineer - Remote,Huzzle Ltd,,,,,https://www.builtinla.com/job/ai-engineer-remote/10122294,10122294,2026-08-25
Senior Software Engineer - Integrations - AI/ML,ClickHouse,,,,,https://www.builtinla.com/job/senior-software-engineer-python-and-data-ecosystem/10114686,10114686,2026-08-25
"Senior Software Engineer, Developer Platform & AI Tooling",ZenBusiness,,,,,https://www.builtinla.com/job/senior-software-engineer-developer-platform-ai-tooling/10508788,10508788,2026-08-25
Sr. AI Engineer,Rightway,,,,,https://www.builtinla.com/job/sr-ai-engineer/10507199,10507199,2026-08-25
AI Engineer II ( AI Platform),MeridianLink,,,,,https://www.builtinla.com/job/ai-engineer-ii-ai-platform/10505060,10505060,2026-08-25
Applied AI Engineer (Customer Facing),Retell AI,,,,,https://www.builtinla.com/job/applied-ai-engineer-customer-facing/10498504,10498504,2026-08-25
Research Engineer Intern - AI Systems,Yotta Labs,,,,,https://www.builtinla.com/job/research-engineer-intern-ai-systems/10496959,10496959,2026-08-25
Forward Deployed AI Engineer,Celigo,,,,,https://www.builtinla.com/job/forward-deployed-ai-engineer/10496733,10496733,2026-08-25
Senior Software Engineer - AI Enablement Finance,Kraken Digital Asset Exchange,,,,,https://www.builtinla.com/job/ai-agents-solutions-architect-finance/8872300,8872300,2026-08-25
AI Software Developer,Leidos,,,,,https://www.builtinla.com/job/ai-software-developer/10490875,10490875,2026-08-25
"Senior Data Engineer II, AI Native",Life360,,,,,https://www.builtinla.com/job/senior-data-engineer-ii-ai-native/10489728,10489728,2026-08-25
"Forward Deployment Engineer, AI - US Remote",PerfectServe,,,,,https://www.builtinla.com/job/forward-deployment-engineer-ai-us-remote/10479696,10479696,2026-08-25
"Forward Deployment Engineer, AI - Canada Remote",PerfectServe,,,,,https://www.builtinla.com/job/forward-deployment-engineer-ai-canada-remote/10479682,10479682,2026-08-25
AI Infrastructure Engineer,vCluster,,,,,https://www.builtinla.com/job/ai-infrastructure-engineer/10474799,10474799,2026-08-25
AI Operations Engineer,Virta Health,,,,,https://www.builtinla.com/job/ai-operations-engineer/10471695,10471695,2026-08-25
AI Product Engineer | REMOTE,Distru,,,,,https://www.builtinla.com/job/ai-product-engineer/10399738,10399738,2026-08-25
Lead AI Data Engineer,HERE Technologies,,,,,https://builtin.com/job/lead-ai-data-engineer/10650966,10650966,2026-08-25
Senior Sales Engineer - Healthcare Interoperability & AI Solutions,InterSystems,,,,,https://builtin.com/job/senior-sales-engineer-healthcare-interoperability-ai-solutions/10801014,10801014,2026-08-25
Principal AI Platform Engineer,HERE Technologies,,,,,https://builtin.com/job/principal-ai-platform-engineer/10615150,10615150,2026-08-25
Principal AI Automation Engineer,HERE Technologies,,,,,https://builtin.com/job/principal-ai-automation-engineer/10615140,10615140,2026-08-25
Senior AI Engineer – Notebooks,Datadog,,,,,https://builtin.com/job/senior-ai-engineer-notebooks/10551952,10551952,2026-08-25
"Distinguished Engineer/Engineering Director, Perception, Embedded AI & SoC",HERE Technologies,,,,,https://builtin.com/job/director-engineering-perception-spatial-ai/10512362,10512362,2026-08-25
Principal Agentic AI Engineer,HERE Technologies,,,,,https://builtin.com/job/principal-agentic-ai-engineer/10512350,10512350,2026-08-25
Senior Principal Engineer – AI Content Systems (all genders),Babbel,,,,,https://builtin.com/job/senior-principal-engineer-ai-content-systems-all-genders/10463173,10463173,2026-08-25
Frontend Engineer - Agentic AI,CUBE (cube.global),,,,,https://builtin.com/job/frontend-engineer-agentic-ai/10445682,10445682,2026-08-25
AI Software Engineer – Python (m/f/x),Scalable Capital,,,,,https://builtin.com/job/ai-software-engineer-python-m-f-x/10436923,10436923,2026-08-25
AI Platform Engineer (m/f/x),Scalable Capital,,,,,https://builtin.com/job/ai-platform-engineer-m-f-x/10436935,10436935,2026-08-25
Senior AI Engineer,Rematiq GmbH,,,,,https://builtin.com/job/senior-ai-engineer/10818632,10818632,2026-08-25
AI Platform Engineer (f/m/d),Upvest,,,,,https://builtin.com/job/applied-ai-f-m-d/9016584,9016584,2026-08-25
Full Stack Developer - AI Integration (f/m/d),Black Semiconductor,,,,,https://builtin.com/job/full-stack-developer-ai-integration-f-m-d/10761103,10761103,2026-08-25
Senior Software Engineer  / AI Enabler (m/f/d),LeasingMarkt.de,,,,,https://builtin.com/job/senior-software-engineer-ai-enabler-m-f-d/10788157,10788157,2026-08-25
AI Engineer (m/f/d),Raisin,,,,,https://builtin.com/job/ai-engineer-m-f-d/10021572,10021572,2026-08-25
Senior Software Engineer (Libra - Legal AI Assistant) (m/w/d),Wolters Kluwer,,,,,https://builtin.com/job/senior-software-engineer/10063184,10063184,2026-08-25
AI Infrastructure & Platform Operations Engineer (remote in the EU),Mirantis,,,,,https://builtin.com/job/ai-infrastructure-platform-operations-engineer-remote-eu/10330643,10330643,2026-08-25
RevOps & GTM Engineer (AI x Greentech) (m/f/d),Reonic,,,,,https://builtin.com/job/go-market-ai-data-greentech-m-f-d/10506892,10506892,2026-08-25
Full-Stack Software Engineer — AI,Kuro,,,,,https://builtin.com/job/fullstack-software-engineer/10294923,10294923,2026-08-25
Senior Software Engineer - Backend - AI Clips Team,Restream,,,,,https://builtin.com/job/senior-software-engineer-backend-ai-clips-team/8862256,8862256,2026-08-25
Lead AI GTM Engineer - 100% Remote - Europe,Hostaway,,,,,https://builtin.com/job/lead-gtm-engineer-100-remote-europe/10689294,10689294,2026-08-25
Senior AI Platform Engineer,N-iX,,,,,https://builtin.com/job/senior-ai-platform-engineer/10577829,10577829,2026-08-25
Senior Software Engineer (AI CICD),Chainguard,,,,,https://builtin.com/job/senior-software-engineer-ai-cicd/10447409,10447409,2026-08-25
Staff Software Engineer (AI CICD),Chainguard,,,,,https://builtin.com/job/staff-software-engineer-ai-cicd/10447423,10447423,2026-08-25
Senior) AI/ML Engineer (all genders),Sunday Natural,,,,,https://builtin.com/job/ai-ml-engineer-all-genders/10642456,10642456,2026-08-25
"Lead ML/AI Platform Engineer (EU, EMEA Remote)",SavvyMoney,,,,,https://builtin.com/job/lead-ml-ai-platform-engineer-eu-emea-remote/10799885,10799885,2026-08-25
Freelance Mid-Level AI Engineer,Umanova SA,,,,,https://builtin.com/job/freelance-mid-level-ai-engineer/10794319,10794319,2026-08-25
Senior AI Engineer (Libra - Legal AI Assistant) (m/f/d),Wolters Kluwer,,,,,https://builtin.com/job/senior-ai-engineer-libra-legal-ai-assistant-m-f-d/10616306,10616306,2026-08-25
Lead Software Engineer (Libra - Legal AI Assistant) (m/f/d),Wolters Kluwer,,,,,https://builtin.com/job/lead-software-engineer-libra-legal-ai-assistant-m-f-d/10616289,10616289,2026-08-25
Senior Software Engineer - Frontend - AI Clips Team,Restream,,,,,https://builtin.com/job/senior-software-engineer-frontend-ai-clips-team/10759232,10759232,2026-08-25
Senior AI Platform Engineer,Oyster,,,,,https://builtin.com/job/senior-ai-platform-engineer/10742337,10742337,2026-08-25
Senior Data Engineer (AI-Native) — Data Layer,Proton.ai,,,,,https://builtin.com/job/senior-data-engineer-ai-native-data-layer/10315558,10315558,2026-08-25
Senior Applied AI Engineer (m/f/d),RobCo,,,,,https://builtin.com/job/senior-applied-ai-engineer-m-f-d/10297772,10297772,2026-08-25
"Software Engineer, Data & AI Platform (m/f/x)",Cortea AI,,,,,https://builtin.com/job/software-engineer-data-ai-platform-m-f-x/10531573,10531573,2026-08-25
Senior AI Engineer (Libra - Legal AI Assistant) (m/w/d),Wolters Kluwer,,,,,https://builtin.com/job/senior-ai-engineer-libra-legal-ai-assistant-m-w-d/10113400,10113400,2026-08-25
Senior AI Engineer | Voice,JUPUS GmbH,,,,,https://builtin.com/job/senior-ai-engineer-voice/10658342,10658342,2026-08-25
Senior AI Software Engineer,NICE,,,,,https://builtin.com/job/senior-ai-software-engineer/10501652,10501652,2026-08-25
AI Full-Stack Developer,Nebius,,,,,https://builtin.com/job/ai-full-stack-developer/10576149,10576149,2026-08-25
Senior Full-Stack Engineer (with Kotlin and AI agents experience),N-iX,,,,,https://builtin.com/job/senior-full-stack-engineer-kotlin-and-ai-agents-experience/10562265,10562265,2026-08-25
"Senior ML Engineer (AI Research, Physical AI)",Nebius,,,,,https://builtin.com/job/senior-ml-engineer-ai-research-physical-ai/10546934,10546934,2026-08-25
Senior ML Engineer (AI Research/ Portability),Nebius,,,,,https://builtin.com/job/senior-ml-engineer-ai-research-portability/10546896,10546896,2026-08-25
Forward Deployment Engineer — Azure AI,Nebius,,,,,https://builtin.com/job/forward-deployment-engineer-azure-ai/10538420,10538420,2026-08-25
Software Engineer III - AI/ML Data Platforms - AI Engineer - Python,JPMorganChase,,,,,https://builtin.com/job/software-engineer-iii-ai-ml-data-platforms-ai-engineer-python/10420808,10420808,2026-08-25
Senior Software Engineer - Physical AI,CoreWeave,,,,,https://builtin.com/job/senior-software-engineer-physical-ai/10807809,10807809,2026-08-25
Staff Software Engineer - Physical AI,CoreWeave,,,,,https://builtin.com/job/staff-software-engineer-physical-ai/10807773,10807773,2026-08-25
Sales Engineer - AI,LogicMonitor,,,,,https://builtin.com/job/specialist-sales-engineer-edwin-ai-focused/10331783,10331783,2026-08-25
Marketing AI Engineer,Sonar,,,,,https://builtin.com/job/marketing-ai-engineer/10396353,10396353,2026-08-25
"Applied AI Engineer, Markets Operations – Associate",JPMorganChase,,,,,https://builtin.com/job/applied-ai-engineer-markets-operations-associate/10357690,10357690,2026-08-25
Staff AI Agent Engineer – Moveworks | Customer Deployment,ServiceNow,,,,,https://builtin.com/job/staff-ai-agent-engineer-moveworks-customer-deployment/10716157,10716157,2026-08-25
Lead Software Engineer - Python / AI,JPMorganChase,,,,,https://builtin.com/job/lead-software-engineer-python-ai/10306842,10306842,2026-08-25
Software Engineer III - AI/ML Platform,JPMorganChase,,,,,https://builtin.com/job/software-engineer-iii-ai-ml-platform/10306854,10306854,2026-08-25
Applied AI ML Engineer Director - NLP / LLM and Graphs,JPMorganChase,,,,,https://builtin.com/job/applied-ai-ml-engineer-director-nlp-llm-and-graphs/10309808,10309808,2026-08-25
Applied AI ML - Senior Associate - Machine Learning Engineer,JPMorganChase,,,,,https://builtin.com/job/applied-ai-ml-senior-associate-machine-learning-engineer/10309449,10309449,2026-08-25
Applied AI Engineer - Agentic Systems - Senior Associate,JPMorganChase,,,,,https://builtin.com/job/applied-ai-engineer-agentic-systems-senior-associate/10308557,10308557,2026-08-25
"Lead Software Engineer – Python / Java - AI  -Markets Technology, Credit Pre-Trade Technology",JPMorganChase,,,,,https://builtin.com/job/lead-software-engineer-python-java-ai-markets-technology-credit-pre-trade-technology/10309174,10309174,2026-08-25
"Sr Lead Software Engineer – Data Engineering, Python/C++/KDB/AI",JPMorganChase,,,,,https://builtin.com/job/sr-lead-software-engineer-data-engineering-python-c-kdb-ai/10309441,10309441,2026-08-25
Senior Lead Software Engineer - AI/ML & Data Platforms,JPMorganChase,,,,,https://builtin.com/job/senior-lead-software-engineer-ai-ml-data-platforms/10309114,10309114,2026-08-25
Applied AI ML Lead Software Engineer - LLM Suite Engineering,JPMorganChase,,,,,https://builtin.com/job/applied-ai-ml-lead-software-engineer-llm-suite-engineering/10309338,10309338,2026-08-25
Applied AI ML Lead Engineer- (NLP/LLM/Graph),JPMorganChase,,,,,https://builtin.com/job/applied-ai-ml-lead-engineer-nlp-llm-graph/10308171,10308171,2026-08-25
Lead Software Engineer - Python / AI - Athena Core - Vice President,JPMorganChase,,,,,https://builtin.com/job/lead-software-engineer-python-ai-athena-core-vice-president/10309186,10309186,2026-08-25
Principal Software Engineer - Data and AI - Accelerator Business,JPMorganChase,,,,,https://builtin.com/job/principal-software-engineer-data-and-ai-accelerator-business/10310691,10310691,2026-08-25
"Principal Engineer, AI Engineering",Wells Fargo,,,,,https://builtin.com/job/principal-engineer-ai-engineering/10699655,10699655,2026-08-25
Lead AI Software Engineer,Wells Fargo,,,,,https://builtin.com/job/lead-ai-software-engineer/10699645,10699645,2026-08-25
Software Engineer III - AI/ML Platform Reliability,JPMorganChase,,,,,https://builtin.com/job/software-engineer-iii-ai-ml-platform-reliability/10615598,10615598,2026-08-25
"Senior Software Engineer (Typescript), AI Clients: Duo CLI",GitLab,,,,,https://builtin.com/job/senior-software-engineer-typescript-ai-clients-duo-cli/10635800,10635800,2026-08-25
"Senior Backend Engineer (Ruby), AI Engineering: DAP Repository Flows",GitLab,,,,,https://builtin.com/job/senior-backend-engineer-ruby-ai-engineering-dap-repository-flows/10589688,10589688,2026-08-25
Agentic AI Developer (Python),ClearRoute,,,,,https://builtin.com/job/agentic-ai-developer-python/10830578,10830578,2026-08-25
Developer Engagement Lead - AI Coding Tools - MSDE,Morgan Stanley,,,,,https://builtin.com/job/developer-engagement-lead-ai-coding-tools-msde/10478844,10478844,2026-08-25
"Senior AI Engineer, Vice President",Citi,,,,,https://builtin.com/job/senior-ai-engineer-vice-president/10621063,10621063,2026-08-25
"Lead AI Engineer, Senior Vice President",Citi,,,,,https://builtin.com/job/lead-ai-engineer-senior-vice-president/10621073,10621073,2026-08-25
AI Platform Engineer,ClearRoute,,,,,https://builtin.com/job/ai-platform-engineer/10452845,10452845,2026-08-25
AI Enabled Full Stack Engineer,ClearRoute,,,,,https://builtin.com/job/ai-enabled-full-stack-engineer/10452839,10452839,2026-08-25
Senior AI Engineer,Capsa AI,,,,,https://builtin.com/job/senior-ai-engineer/10461549,10461549,2026-08-25
Machine Learning Engineer - AI,JD.com,,,,,https://builtin.com/job/machine-learning-engineer-ai/10456895,10456895,2026-08-25
"Staff AI Engineer, Robot Learning (Navigation)",Humanoid,,,,,https://builtin.com/job/staff-ai-engineer-robot-learning-navigation/10454873,10454873,2026-08-25
AI deployment engineer (UK),Writer,,,,,https://builtin.com/job/ai-deployment-engineer-uk/10464385,10464385,2026-08-25
Senior AI Engineer,Shawbrook Bank,,,,,https://builtin.com/job/senior-ai-engineer/10464196,10464196,2026-08-25
AI Engineer,Shawbrook Bank,,,,,https://builtin.com/job/ai-engineer/10464188,10464188,2026-08-25
Staff Applied AI Engineer,Scale AI,,,,,https://builtin.com/job/staff-applied-ai-engineer/10469176,10469176,2026-08-25
Founding Product Engineer (AI-First),REF Digital,,,,,https://builtin.com/job/founding-product-engineer-ai-first/10397706,10397706,2026-08-25
Senior AI Engineer,PA Consulting,,,,,https://builtin.com/job/senior-ai-engineer/10826353,10826353,2026-08-25
Senior AI Engineer,Capita,,,,,https://builtin.com/job/senior-ai-engineer/10414545,10414545,2026-08-25
Senior AI Agentic Engineer,Profile Software,,,,,https://builtin.com/job/senior-ai-agentic-engineer/9344817,9344817,2026-08-25
Senior Principal AI/ML Engineer,King,,,,,https://builtin.com/job/senior-principal-ai-ml-engineer/10433766,10433766,2026-08-25
AI Automation Engineer,Samsung Electronics,,,,,https://builtin.com/job/ai-automation-engineer/10438690,10438690,2026-08-25
Principal Engineer - AI and Python,CreateFuture,,,,,https://builtin.com/job/principal-engineer-ai-and-python/10817112,10817112,2026-08-25
Senior Software Engineer - AI and Python,CreateFuture,,,,,https://builtin.com/job/senior-software-engineer-ai-and-python/10817107,10817107,2026-08-25
SDLC AI Engineer,Test Triangle,,,,,https://builtin.com/job/sdlc-ai-engineer/10811942,10811942,2026-08-25
AI Infrastructure Software Engineer,JD.com,,,,,https://builtin.com/job/high-availability-ai-infrastructure-software-engineer/10420988,10420988,2026-08-25
Senior AI Engineer,LSEG (London Stock Exchange Group),,,,,https://builtin.com/job/senior-ai-engineer/10421542,10421542,2026-08-25
Principal Platform Engineer || Agentic AI || Identity and Access Management,IFS,,,,,https://builtin.com/job/principal-platform-engineer-agentic-ai-identity-and-access-management/10416386,10416386,2026-08-25
Principal Platform Engineer || Agentic AI || Internal Developer Platform (IDP),IFS,,,,,https://builtin.com/job/principal-platform-engineer-agentic-ai-internal-developer-platform-idp/10416385,10416385,2026-08-25
Forward Deploy Engineer || IDP & GTM || AI & Agentic,IFS,,,,,https://builtin.com/job/forward-deploy-engineer-idp-gtm-ai-agentic/10416389,10416389,2026-08-25
AI Engineer (m/f/d),PATRIZIA,,,,,https://builtin.com/job/ai-engineer-m-f-d/10505799,10505799,2026-08-25
Leading Engineering Developer - Enterprise AI Products - Senior Vice President,Citi,,,,,https://builtin.com/job/leading-engineering-developer-enterprise-ai-products-senior-vice-president/10800825,10800825,2026-08-25
Solution Engineer - Cloud & AI,Microsoft,,,,,https://builtin.com/job/solution-engineer-cloud-ai/10798992,10798992,2026-08-25
AI Engineer,Planet (weareplanet.com),,,,,https://builtin.com/job/ai-engineer/10393244,10393244,2026-08-25
"AI Research Engineer, Post-Training",Lovable,,,,,https://builtin.com/job/ai-researcher-post-training/9183076,9183076,2026-08-25
AI DevOps Engineer,US Bank,,,,,https://builtin.com/job/ai-devops-engineer/10394806,10394806,2026-08-25
Platform Engineer - AI Platforms & Cloud Infrastructure,Planet (weareplanet.com),,,,,https://builtin.com/job/platform-engineer-ai-platforms-cloud-infrastructure/10778854,10778854,2026-08-25
Lead Software Engineer – AI-Native Applications,IFS,,,,,https://builtin.com/job/lead-software-engineer-ai-native-applications/10777153,10777153,2026-08-25
Principal AI Platform Engineer,CreateFuture,,,,,https://builtin.com/job/principal-ai-platform-engineer/10775041,10775041,2026-08-25
Senior Software Engineer - Applied AI,CoMind,,,,,https://builtin.com/job/senior-software-engineer-applied-ai/10770850,10770850,2026-08-25
AI Engineer,Brunswick Group,,,,,https://builtin.com/job/ai-engineer/10768611,10768611,2026-08-25
Senior Applied AI Engineer,Forter,,,,,https://builtin.com/job/senior-applied-ai-engineer/10765624,10765624,2026-08-25
Client Solutions Engineer – AI & Trading Technology,Sphere (onsphere.com),,,,,https://builtin.com/job/technical-client-support-consultant-early-career/10004927,10004927,2026-08-25
"Senior Python Developer - Quant Models AI Automation, Vice President",Citi,,,,,https://builtin.com/job/senior-python-developer-quant-models-ai-automation-vice-president/10753846,10753846,2026-08-25
Applied AI Engineer,OpenAI,,,,,https://builtin.com/job/applied-ai-engineer/10752365,10752365,2026-08-25
Automation & AI Engineer,AustralianSuper,,,,,https://builtin.com/job/automation-ai-engineer/10750214,10750214,2026-08-25
Associate AI Engineer,"InvestCloud, Inc.",,,,,https://builtin.com/job/associate-ai-engineer/10749101,10749101,2026-08-25
AI DevOps Engineer,"Elavon, Inc.",,,,,https://builtin.com/job/ai-devops-engineer/10738606,10738606,2026-08-25
Staff AI Engineer,algo1,,,,,https://builtin.com/job/staff-ai-engineer/10735814,10735814,2026-08-25
AI Product Engineer,Pelago,,,,,https://builtin.com/job/ai-product-engineer/10373576,10373576,2026-08-25
Senior Machine Learning Engineer - Customer AI,CTM Data & Electrical,,,,,https://builtin.com/job/senior-machine-learning-engineer-customer-ai/10363113,10363113,2026-08-25
Applied AI Forward Deployed Engineer – Associate Manager,Accenture,,,,,https://builtin.com/job/applied-ai-forward-deployed-engineer-associate-manager/10369451,10369451,2026-08-25
"AI Infrastructure Engineer, Serving Platform",Scale AI,,,,,https://builtin.com/job/ai-infrastructure-engineer-serving-platform/10362735,10362735,2026-08-25
AI Engineer,Arondite,,,,,https://builtin.com/job/ai-engineer/10332695,10332695,2026-08-25
Applied AI Engineer (.NET/C#),Klipboard,,,,,https://builtin.com/job/applied-ai-engineer-net-c/10335457,10335457,2026-08-25
AI Software Engineer,Klipboard,,,,,https://builtin.com/job/ai-software-engineer/10335466,10335466,2026-08-25
"Senior Localization Engineer, Applied AI",Tenable,,,,,https://builtin.com/job/senior-localization-engineer-applied-ai/10356610,10356610,2026-08-25
"AI Infrastructure Engineer, Sandbox Platform",Scale AI,,,,,https://builtin.com/job/ai-infrastructure-engineer-sandbox-platform/10353280,10353280,2026-08-25
"Senior AI Engineer - Centre of Excellence, Director",MUFG,,,,,https://builtin.com/job/senior-ai-engineer-centre-excellence-director/10726110,10726110,2026-08-25
"Senior Software Engineer (javascript, AI and CMS)",CreateFuture,,,,,https://builtin.com/job/senior-software-engineer-javascript-ai-and-cms/10713755,10713755,2026-08-25
Applied Artificial Intelligence Engineer,Oxford Dynamics,,,,,https://builtin.com/job/applied-artificial-intelligence-engineer/10705809,10705809,2026-08-25
AI Engineer,Pay.UK,,,,,https://builtin.com/job/ai-engineer/10688616,10688616,2026-08-25
AI Engineer - Scheduling and Optimisation,IFS,,,,,https://builtin.com/job/ai-engineer-scheduling-and-optimisation/10617935,10617935,2026-08-25
Generative AI Pipeline Engineer (Tech Lead),CapsLock (capslock.global),,,,,https://builtin.com/job/generative-ai-pipeline-engineer-tech-lead/10436663,10436663,2026-08-25
Platform Engineer – Data Science & AI Platform,ASOS,,,,,https://builtin.com/job/platform-engineer-data-science-ai-platform/10675188,10675188,2026-08-25
Senior Forward Deployed Engineer (AI),ICAP,,,,,https://builtin.com/job/senior-forward-deployed-engineer-ai/10667986,10667986,2026-08-25
AI Engineer — Prototyping & Emerging Tech,Flutter Entertainment,,,,,https://builtin.com/job/ai-engineer-prototyping-emerging-tech/10666126,10666126,2026-08-25
AI Automation Engineer,Geomiq,,,,,https://builtin.com/job/ai-automation-engineer/10658152,10658152,2026-08-25
Lead AI Developer,ICS AI Ltd,,,,,https://builtin.com/job/lead-ai-developer/10414133,10414133,2026-08-25
Lead AI Developer - Wales,ICS AI Ltd,,,,,https://builtin.com/job/lead-ai-developer-wales/10414085,10414085,2026-08-25
"AI Engineer, VP",MUFG,,,,,https://builtin.com/job/ai-engineer-vp/10646718,10646718,2026-08-25
"Agentic AI Engineer, AI Automation",Mintel,,,,,https://builtin.com/job/agentic-ai-engineer-ai-automation/10504197,10504197,2026-08-25
Senior AI Engineer,Qube Research & Technologies,,,,,https://builtin.com/job/senior-ai-engineer/10637790,10637790,2026-08-25
Customs AI Integration & Automation Engineer (UK),Customs Support Group,,,,,https://builtin.com/job/customs-ai-integration-automation-engineer-uk/10797374,10797374,2026-08-25
Senior Python Engineer - B2B SaaS Fintech - AI,Landytech,,,,,https://builtin.com/job/python-engineer-b2b-saas-fintech/7582422,7582422,2026-08-25
Senior AI Platform Engineer,UBDS Digital,,,,,https://builtin.com/job/senior-ai-platform-engineer/10617969,10617969,2026-08-25
Staff AI Engineer,Lendable,,,,,https://builtin.com/job/staff-ai-engineer/10617792,10617792,2026-08-25
Senior Applied AI & ML Engineer - Evinova,AstraZeneca PLC,,,,,https://builtin.com/job/senior-applied-ai-ml-engineer-evinova/10617577,10617577,2026-08-25
Senior Applied AI & ML Engineer - Evinova,AstraZeneca,,,,,https://builtin.com/job/senior-applied-ai-ml-engineer-evinova/10617287,10617287,2026-08-25
Staff Engineer - AI & Automation,IFS,,,,,https://builtin.com/job/staff-engineer-ai-automation/10614644,10614644,2026-08-25
AI Research Engineer (Pre-training - LLM & Multi-Modal) - 100% Remote Worldwide,Tether.io,,,,,https://builtin.com/job/ai-research-engineer-pre-training-llm-multi-modal-100-remote-worldwide/10605613,10605613,2026-08-25
AI Engineer,ClaimSorted,,,,,https://builtin.com/job/machine-learning-engineer/9194572,9194572,2026-08-25
Senior AI Quality Engineer,Lendable,,,,,https://builtin.com/job/senior-ai-quality-engineer/10592074,10592074,2026-08-25
Senior Quality Engineer - AI,Lendable,,,,,https://builtin.com/job/senior-quality-engineer-ai/10592068,10592068,2026-08-25
AI/ML Software Engineer (Europe),Serious Development,,,,,https://builtin.com/job/ai-ml-software-engineer-europe/10333692,10333692,2026-08-25
AI - Enabled Software Engineer,Mark43,,,,,https://builtin.com/job/ai-enabled-software-engineer/10355579,10355579,2026-08-25
"Lead Engineer, AI Platforms",LSEG (London Stock Exchange Group),,,,,https://builtin.com/job/lead-engineer-ai-platforms/9194078,9194078,2026-08-25
AI Engineer,Fintricity,,,,,https://builtin.com/job/ai-engineer/10564988,10564988,2026-08-25
Senior AI Engineer,Chubb,,,,,https://builtin.com/job/senior-ai-engineer/10067101,10067101,2026-08-25
Senior Agentic AI Engineer,Perceptive,,,,,https://builtin.com/job/senior-agentic-ai-engineer/10702695,10702695,2026-08-25
Agentic AI Engineer,Perceptive,,,,,https://builtin.com/job/agentic-ai-engineer/10702195,10702195,2026-08-25
Senior AI Platform Engineer,IQVIA,,,,,https://builtin.com/job/senior-ai-platform-engineer/10539348,10539348,2026-08-25
Core AI Engineer,LSEG (London Stock Exchange Group),,,,,https://builtin.com/job/core-ai-engineer/10538522,10538522,2026-08-25
Lead Full Stack Engineer (AI-first) | Remote (from Europe),Creatunity LLC,,,,,https://builtin.com/job/lead-full-stack-engineer-ai-first-remote-europe/10534807,10534807,2026-08-25
"Senior Machine Learning Engineer, AI Performance",Wayve,,,,,https://builtin.com/job/senior-machine-learning-engineer-ai-performance/10527545,10527545,2026-08-25
Lead Engineer - AI-native Email Apps,BJAK,,,,,https://builtin.com/job/lead-engineer-ai-native-email-apps/10678839,10678839,2026-08-25
AI Enablement Engineer,JustPark,,,,,https://builtin.com/job/ai-enablement-engineer/10501266,10501266,2026-08-25
AI Engineer (Freelance),Sortitt,,,,,https://builtin.com/job/ai-engineer-freelance/10647045,10647045,2026-08-25
Freelance AI & Web Scraping Developer,MENA Alliances,,,,,https://builtin.com/job/freelance-ai-web-scraping-developer/10615500,10615500,2026-08-25
AI Engineer,Scrumconnect Limited,,,,,https://builtin.com/job/ai-engineer/10614846,10614846,2026-08-25
Lead AI Engineer,Scrumconnect Limited,,,,,https://builtin.com/job/lead-ai-engineer/10614820,10614820,2026-08-25
Senior AI Engineer,Stakemate,,,,,https://builtin.com/job/senior-ai-engineer/10494879,10494879,2026-08-25
AI Developer & .NET developer,EXL,,,,,https://builtin.com/job/ai-architect-net-developer/10480189,10480189,2026-08-25
AI Product Engineer,Capital on Tap,,,,,https://builtin.com/job/ai-product-engineer/10475423,10475423,2026-08-25
Artificial Intelligence Engineer,Quantiphi,,,,,https://builtin.com/job/artificial-intelligence-engineer/10471185,10471185,2026-08-25
Senior Fullstack Engineer- AI Platform,SoSafe,,,,,https://builtin.com/job/senior-fullstack-engineer-ai-platform/10560144,10560144,2026-08-25
Marketing Automation AI Engineer,Coda (coda.co),,,,,https://builtin.com/job/marketing-automation-ai-engineer/10416798,10416798,2026-08-25
"Junior Software Engineer, Clinical AI",DeepHealth,,,,,https://builtin.com/job/junior-software-engineer-clinical-ai/10649252,10649252,2026-08-25
AI Engineer - Cloud,Royal KPN N.V.,,,,,https://builtin.com/job/ai-engineer-cloud/10753869,10753869,2026-08-25
AI Engineer,Flow Traders,,,,,https://builtin.com/job/ai-engineer/10438949,10438949,2026-08-25
Staff Site Reliability Engineer (AI Platform),Manychat,,,,,https://builtin.com/job/staff-site-reliability-engineer-ai-platform/10439004,10439004,2026-08-25
AI Engineer (ID:3470),STAFIDE,,,,,https://builtin.com/job/ai-engineer-id-3470/10591022,10591022,2026-08-25
Generative AI Engineer (ID: 3477),STAFIDE,,,,,https://builtin.com/job/generative-ai-engineer-id-3477/10591030,10591030,2026-08-25
Senior AI/ML Engineer (ID:3418),STAFIDE,,,,,https://builtin.com/job/senior-ai-ml-engineer-id-3418/10591048,10591048,2026-08-25
Senior AI/ML Engineer (ID:3402),STAFIDE,,,,,https://builtin.com/job/senior-ai-ml-engineer-id-3402/10591015,10591015,2026-08-25
Senior Generative AI Engineer (ID: 3894),STAFIDE,,,,,https://builtin.com/job/senior-generative-ai-engineer-id-3894/10590772,10590772,2026-08-25
AI Solutions Engineer,Cisco,,,,,https://builtin.com/job/ai-solutions-engineer/10756600,10756600,2026-08-25
Senior Backend Engineer (Go) | Studio AI,Creative Fabrica,,,,,https://builtin.com/job/senior-backend-engineer-go-studio-ai/10744126,10744126,2026-08-25
Vulnerability Management Engineer -LLM & AI Security (ID: 3858),STAFIDE,,,,,https://builtin.com/job/vulnerability-management-engineer-llm-ai-security-id-3858/10719270,10719270,2026-08-25
Forward Deployed AI Engineer,Lleverage,,,,,https://builtin.com/job/forward-deployed-ai-engineer/10708000,10708000,2026-08-25
Agentic AI Engineer (ID:4001),STAFIDE,,,,,https://builtin.com/job/agentic-ai-engineer-id-4001/10680249,10680249,2026-08-25
AI Application Developer (ID: 3828),STAFIDE,,,,,https://builtin.com/job/ai-application-developer-id-3828/10590832,10590832,2026-08-25
Senior AI/ML Engineer (ID: 3865),STAFIDE,,,,,https://builtin.com/job/senior-ai-ml-engineer-id-3865/10590771,10590771,2026-08-25
Senior AI Developer Experience Engineer- GitHub Copilot & DevOps (ID: 3871),STAFIDE,,,,,https://builtin.com/job/senior-ai-developer-experience-engineer-github-copilot-devops-id-3871/10590768,10590768,2026-08-25
AI Observability Engineer,Nebius,,,,,https://builtin.com/job/ai-observability-engineer/10538448,10538448,2026-08-25
AI Automations Product Engineer,NineTwoThree AI Studio,,,,,https://builtin.com/job/ai-automations-product-engineer/10523643,10523643,2026-08-25
"Manager - Developer Productivity, AI Tools",Gusto,,,,,https://builtin.com/job/manager-developer-productivity-ai-tools/10831839,10831839,2026-08-25
Acceleration Center- Agentic AI and Machine Learning Developer- Senior Associate,PwC,,,,,https://builtin.com/job/acceleration-center-agentic-ai-and-machine-learning-developer-senior-associate/10451058,10451058,2026-08-25
Acceleration Center- Agentic AI and Machine Learning Developer- Experienced Associate,PwC,,,,,https://builtin.com/job/acceleration-center-agentic-ai-and-machine-learning-developer-experienced-associate/10451033,10451033,2026-08-25
Senior Lead AI Engineer (MLXT),Capital One,,,,,https://builtin.com/job/senior-lead-ai-engineer-mlxt/10463805,10463805,2026-08-25
"Senior Lead AI Engineer (FM Hosting, LLM Inference)",Capital One,,,,,https://builtin.com/job/senior-lead-ai-engineer-fm-hosting-llm-inference/10057243,10057243,2026-08-25
Lead AI Engineer (AI Foundations),Capital One,,,,,https://builtin.com/job/lead-ai-engineer-ai-foundations/10443788,10443788,2026-08-25
Distinguished AI Engineer (Remote Eligible),Capital One,,,,,https://builtin.com/job/distinguished-ai-engineer-remote-eligible/10814132,10814132,2026-08-25
Senior Associate- Full Stack Software Engineer- AI,New York Life Insurance Company,,,,,https://builtin.com/job/senior-associate-full-stack-software-engineer-ai/10429910,10429910,2026-08-25
Senior Lead AI Engineer (GenAI Platform Services),Capital One,,,,,https://builtin.com/job/senior-lead-ai-engineer-genai-platform-services/10803391,10803391,2026-08-25
Senior Lead AI Engineer (Gen AI Platform Services: Distributed Systems),Capital One,,,,,https://builtin.com/job/senior-lead-ai-engineer-gen-ai-platform-services-distributed-systems/10803373,10803373,2026-08-25
AIT AI Developer Senior Associate,PwC,,,,,https://builtin.com/job/ait-ai-developer-senior-associate/10394152,10394152,2026-08-25
AI Engineer,Capital One,,,,,https://builtin.com/job/ai-engineer/10757649,10757649,2026-08-25
Tax Innovation - AI Engineer - Senior Manager,PwC,,,,,https://builtin.com/job/tax-innovation-ai-engineer-senior-manager/10788152,10788152,2026-08-25
Sr. Lead AI Engineer (AI Foundations),Capital One,,,,,https://builtin.com/job/sr-lead-ai-engineer-ai-foundations/10780880,10780880,2026-08-25
"Associate AI Engineer, Finance Transformation",SoFi,,,,,https://builtin.com/job/associate-ai-engineer-finance-transformation/10778834,10778834,2026-08-25
AI Security Research & Red Team Engineer,Cloudflare,,,,,https://builtin.com/job/ai-security-research-red-team-engineer/10775270,10775270,2026-08-25
Tax Innovation - AI Engineer - Manager,PwC,,,,,https://builtin.com/job/tax-innovation-ai-engineer-manager/10772815,10772815,2026-08-25
"Artificial Intelligence & Machine Learning Engineer, Vice President - AI Labs",BlackRock,,,,,https://builtin.com/job/artificial-intelligence-machine-learning-engineer-vice-president-ai-labs/10768526,10768526,2026-08-25
"Corporate Vice President - Lead AI Engineer, Identity & Access Management",New York Life Insurance Company,,,,,https://builtin.com/job/corporate-vice-president-lead-ai-engineer-identity-access-management/10763664,10763664,2026-08-25
Senior Associate - AI AppSec Engineer,New York Life Insurance Company,,,,,https://builtin.com/job/senior-associate-ai-appsec-engineer/10763587,10763587,2026-08-25
Senior Lead AI Engineer,Capital One,,,,,https://builtin.com/job/senior-lead-ai-engineer-gen-ai-platform-services-agentic-ai/9303169,9303169,2026-08-25
Principal AI Platform Engineer - AI Center of Excellence,Mastercard,,,,,https://builtin.com/job/principal-ai-platform-engineer-ai-center-excellence/10386944,10386944,2026-08-25
AI Engineer- Manager- Commercial Technology & Innovation,PwC,,,,,https://builtin.com/job/ai-engineer-manager-commercial-technology-innovation/10731175,10731175,2026-08-25
AI Engineer - Senior Associate - Commercial Technology & Innovation,PwC,,,,,https://builtin.com/job/ai-engineer-senior-associate-commercial-technology-innovation/10731172,10731172,2026-08-25
Senior Applied AI/ML Engineer,Confido,,,,,https://builtin.com/job/senior-ml-ai-engineer/9275582,9275582,2026-08-25
AI Web Framework Lead Software Engineer,JPMorganChase,,,,,https://builtin.com/job/ai-web-framework-lead-software-engineer/10339949,10339949,2026-08-25
"Lead AI Engineer (FM Hosting, LLM Inference)",Capital One,,,,,https://builtin.com/job/lead-ai-engineer-fm-hosting-llm-inference/9590461,9590461,2026-08-25
"Sr. Lead AI Engineer (FM Hosting, LLM Inference)",Capital One,,,,,https://builtin.com/job/sr-lead-ai-engineer-fm-hosting-llm-inference/10353781,10353781,2026-08-25
Lead Software Engineer - AI/ML Java/Python,JPMorganChase,,,,,https://builtin.com/job/lead-software-engineer-ai-ml-java-python/10360034,10360034,2026-08-25
AI/ML Software Engineer II,JPMorganChase,,,,,https://builtin.com/job/ai-ml-software-engineer-ii/10628516,10628516,2026-08-25
Principal Software Engineer - AI Foundations,JPMorganChase,,,,,https://builtin.com/job/principal-software-engineer-ai-foundations/10307374,10307374,2026-08-25
"Sr Lead Software Engineer – Python / Java - AI -Markets Technology, Credit Pre-Trade Technology",JPMorganChase,,,,,https://builtin.com/job/sr-lead-software-engineer-python-java-ai-markets-technology-credit-pre-trade-technology/10307338,10307338,2026-08-25
AI Java AWS Lead Software Engineer,JPMorganChase,,,,,https://builtin.com/job/java-aws-lead-software-engineer/10310562,10310562,2026-08-25
"Senior Lead AI Engineer, Gen AI Platform",Capital One,,,,,https://builtin.com/job/senior-lead-ai-engineer-gen-ai-platform/10319591,10319591,2026-08-25
Senior Lead AI Engineer (SDK's: Gen AI Evaluation and MCP),Capital One,,,,,https://builtin.com/job/senior-lead-ai-engineer-sdk-s-gen-ai-evaluation-and-mcp/10319577,10319577,2026-08-25
"Corporate Vice President - Principal AI Engineer, Solution Delivery",New York Life Insurance Company,,,,,https://builtin.com/job/corporate-vice-president-principal-ai-engineer-solution-delivery/10298900,10298900,2026-08-25
Applied AI/ML Engineer,Confido,,,,,https://builtin.com/job/applied-ai-ml-engineer/10695861,10695861,2026-08-25
Senior AI/ML Engineer - Research Data AI and Predictive Modeling (Vaccine R&D),Pfizer,,,,,https://builtin.com/job/senior-ai-ml-engineer-research-data-ai-and-predictive-modeling-vaccine-r-d/10692775,10692775,2026-08-25
"Staff Software Engineer, AI",BlackLine,,,,,https://builtin.com/job/staff-software-engineer-ai/10686603,10686603,2026-08-25
"Senior Lead Systems Engineer, AI & Automation",Braze,,,,,https://builtin.com/job/senior-lead-systems-engineer-ai-automation/10464688,10464688,2026-08-25
"Senior Associate - Quality Engineer, AI & Automation",New York Life Insurance Company,,,,,https://builtin.com/job/senior-associate-quality-engineer-ai-automation/10651479,10651479,2026-08-25
"Lead Software Engineer: Cloud Infrastructure & Platform Engineering (Java, Python, Agentic AI)",JPMorganChase,,,,,https://builtin.com/job/lead-software-engineer-vice-president-cloud-infrastructure-platform-engineering-java-agentic-ai/10449084,10449084,2026-08-25
"Senior Lead AI Engineer - (Gen AI Platform Services, Agentic AI)",Capital One,,,,,https://builtin.com/job/senior-lead-ai-engineer-gen-ai-platform-services-agentic-ai/10625089,10625089,2026-08-25
Corporate Vice President - Lead Full-Stack AI Engineer,New York Life Insurance Company,,,,,https://builtin.com/job/corporate-vice-president-full-stack-engineering-lead-ai-emerging-technologies/10229537,10229537,2026-08-25
Distinguished Engineer -Developer Insights & AI Telemetry,Capital One,,,,,https://builtin.com/job/distinguished-engineer-developer-insights-ai-telemetry/10564189,10564189,2026-08-25
Distinguished AI Engineer,Capital One,,,,,https://builtin.com/job/distinguished-ai-engineer/8921608,8921608,2026-08-25
Founding Senior AI Engineer,Peerbound,,,,,https://builtin.com/job/founding-senior-ai-engineer/10544622,10544622,2026-08-25
Forward Deployed AI Engineer (Senior/Principal Level),Cloudera,,,,,https://builtin.com/job/forward-deployed-ai-engineer/10413307,10413307,2026-08-25
"Gen AI Solutions Engineer, Investment Solutions",Clearwater Analytics (CWAN),,,,,https://builtin.com/job/gen-ai-solutions-engineer-investment-solutions/10531312,10531312,2026-08-25
"Senior Lead Software Engineer, Full Stack (AI Platform & Knowledge Library) (Enterprise Platforms Technology)",Capital One,,,,,https://builtin.com/job/senior-lead-software-engineer-full-stack-ai-platform-knowledge-library-enterprise-platforms-technology/10528650,10528650,2026-08-25
Lead AI Engineer,Capital One,,,,,https://builtin.com/job/lead-ai-engineer/10044416,10044416,2026-08-25
Corporate Vice President - Senior Full-Stack AI Engineer,New York Life Insurance Company,,,,,https://builtin.com/job/corporate-vice-president-senior-full-stack-ai-engineer/10490676,10490676,2026-08-25
"2027 Technology, Data, AI & Ventures Summer Internship Program - AI Engineer (MLOps) Intern",New York Life Insurance Company,,,,,https://builtin.com/job/2027-technology-data-ai-ventures-summer-internship-program-ai-engineer-mlops-intern/10490667,10490667,2026-08-25
"2027 Technology, Data, AI & Ventures Summer Internship Program - Security Engineer Intern",New York Life Insurance Company,,,,,https://builtin.com/job/2027-technology-data-ai-ventures-summer-internship-program-security-engineer-intern/10490661,10490661,2026-08-25
"2027 Technology, Data, AI & Ventures Summer Internship Program - Software Engineer Intern",New York Life Insurance Company,,,,,https://builtin.com/job/2027-technology-data-ai-ventures-summer-internship-program-software-engineer-intern/10490641,10490641,2026-08-25
"2027 Technology, Data, AI & Ventures Summer Internship Program - Data Engineer Intern",New York Life Insurance Company,,,,,https://builtin.com/job/2027-technology-data-ai-ventures-summer-internship-program-data-engineer-intern/10490636,10490636,2026-08-25
"2027 Technology, Data, AI & Ventures Summer Internship Program - Platform Engineer Intern",New York Life Insurance Company,,,,,https://builtin.com/job/2027-technology-data-ai-ventures-summer-internship-program-platform-engineer-intern/10490638,10490638,2026-08-25
Liquid Financing Data/AI Engineer – VP,Barclays,,,,,https://builtin.com/job/liquid-financing-data-ai-engineer-vp/10830027,10830027,2026-08-25
AI Engagement Engineer - Vice President,Morgan Stanley,,,,,https://builtin.com/job/developer-engagement-engineer-vp/10466306,10466306,2026-08-25
"AI Firm Deployed Engineer, Legal",Intapp,,,,,https://builtin.com/job/firm-deployed-engineer-legal/10459556,10459556,2026-08-25
"AI Firm Deployed Engineer, Private Capital Markets",Intapp,,,,,https://builtin.com/job/firm-deployed-engineer-private-capital-markets/10459543,10459543,2026-08-25
Applied AI Software Engineer,Blossom Health,,,,,https://builtin.com/job/applied-ai-software-engineer-all-levels/10463403,10463403,2026-08-25
AI deployment engineer (East),Writer,,,,,https://builtin.com/job/ai-deployment-engineer-east/10464398,10464398,2026-08-25
Associate AI Engineer,OneStream Software,,,,,https://builtin.com/job/associate-ai-engineer/10797529,10797529,2026-08-25
Generative AI & Machine Learning Engineer,Morgan Stanley,,,,,https://builtin.com/job/generative-ai-machine-learning-engineer/10541901,10541901,2026-08-25
Principal AI Applied Engineer,Humana,,,,,https://builtin.com/job/principal-ai-applied-engineer/10757365,10757365,2026-08-25
Lead AI Applied Engineer,Humana,,,,,https://builtin.com/job/lead-ai-applied-engineer/10757383,10757383,2026-08-25
Senior AI Applied Engineer,Humana,,,,,https://builtin.com/job/senior-ai-applied-engineer/10757377,10757377,2026-08-25
Sr AI Engineer,Morgan Stanley,,,,,https://builtin.com/job/sr-ai-engineer/10562426,10562426,2026-08-25
Forward Deployed AI Engineer (USA Based),NielsenIQ,,,,,https://builtin.com/job/forward-deployed-ai-engineer-usa-based/10798545,10798545,2026-08-25
AI Engineer,Farsight AI,,,,,https://builtin.com/job/ai-engineer/10430908,10430908,2026-08-25
AI Lead  Developer Experience,Vibe.co,,,,,https://builtin.com/job/lead-developer-experience/9116394,9116394,2026-08-25
Senior AI Research Engineer,Duolingo,,,,,https://builtin.com/job/senior-ai-research-engineer/10446574,10446574,2026-08-25
"Software Engineer, Applied AI",Fluidstack,,,,,https://builtin.com/job/software-engineer/9678420,9678420,2026-08-25
"Senior Software Engineer, AI Agentic Experience (Auth0)",Okta,,,,,https://builtin.com/job/senior-software-engineer-ai-agentic-experience-auth0/10422983,10422983,2026-08-25
"Software Engineer, Forward Deployed AI",Ramp,,,,,https://builtin.com/job/software-engineer-ai-solutions/10426297,10426297,2026-08-25
"Senior Software Engineer - AI, CoCounsel International",Thomson Reuters,,,,,https://builtin.com/job/senior-software-engineer-ai-cocounsel-international/10426969,10426969,2026-08-25
Senior AI & Platforms Engineer,BuzzClan,,,,,https://builtin.com/job/senior-ai-platforms-engineer/10804105,10804105,2026-08-25
AI Engineer,Tessera Labs,,,,,https://builtin.com/job/ai-engineer/10802014,10802014,2026-08-25
Forward Deployed Insights Engineer (Applied AI),Translucent,,,,,https://builtin.com/job/forward-deployed-insights-engineer-applied-ai/10801942,10801942,2026-08-25
AI Engineer,Translucent,,,,,https://builtin.com/job/ai-engineer/10801914,10801914,2026-08-25
"Senior Software Engineer,  Data & AI",Holly,,,,,https://builtin.com/job/senior-software-engineer-data-ai/10798380,10798380,2026-08-25
"Staff Software Engineer, Data & AI",Holly,,,,,https://builtin.com/job/staff-software-engineer-data-ai/10798377,10798377,2026-08-25
Senior AI Engineer – Applied AI & Data Science,Voya Financial,,,,,https://builtin.com/job/senior-ai-engineer-applied-ai-data-science/10404786,10404786,2026-08-25
"Machine Learning Engineer, Applied AI",Brain Co.,,,,,https://builtin.com/job/ai-ml-engineer/7146483,7146483,2026-08-25
Senior AI Engineer,eClerx LLC,,,,,https://builtin.com/job/ai-engineer/9604385,9604385,2026-08-25
"Senior Forward Deployed AI Engineer / Solutions Architect (GenAI, AWS)",Provectus,,,,,https://builtin.com/job/senior-forward-deployed-ai-engineer-genai-aws/10391632,10391632,2026-08-25
Senior AI SDET Engineer,Octaura,,,,,https://builtin.com/job/senior-ai-sdet-engineer/10437905,10437905,2026-08-25
Senior Software Engineer - AI Agents (Hybrid - New York City - United States),Hatch,,,,,https://builtin.com/job/senior-software-engineer-ai-agents-hybrid-new-york-city-united-states/10753627,10753627,2026-08-25
AI Engineer - AI Agents (Hybrid - New York City - United States),Hatch,,,,,https://builtin.com/job/ai-engineer-ai-agents-hybrid-new-york-city-united-states/10753625,10753625,2026-08-25
Senior Full-Stack Engineer - AI Agents (Hybrid - New York City - United States),Hatch,,,,,https://builtin.com/job/senior-full-stack-engineer-ai-agents-hybrid-new-york-city-united-states/10753626,10753626,2026-08-25
AI Engineer,StatusNeo,,,,,https://builtin.com/job/ai-engineer/10788878,10788878,2026-08-25
Senior Applied AI Engineer,Qualitate,,,,,https://builtin.com/job/senior-applied-ai-engineer/10753833,10753833,2026-08-25
Website Developer & Technical Content Marketing Intern - AI & Automation,Eulerity,,,,,https://builtin.com/job/website-developer-technical-content-marketing-intern-ai-automation/10780804,10780804,2026-08-25
"Senior Data Engineer - AI Infrastructure Integration, High Performance Compute",Bank of America,,,,,https://builtin.com/job/senior-data-engineer-ai-infrastructure-integration-high-performance-compute/10769591,10769591,2026-08-25
Senior AI Engineer,Pivotal Solutions,,,,,https://builtin.com/job/senior-ai-engineer/10386124,10386124,2026-08-25
Senior Finance Systems & AI Engineer,Ironclad,,,,,https://builtin.com/job/finance-systems-ai-engineer/9994570,9994570,2026-08-25
Agentic AI Engineer,Catapult,,,,,https://builtin.com/job/agentic-ai-engineer/10743538,10743538,2026-08-25
"Forward Deployed Engineer, AI Labs",Via,,,,,https://builtin.com/job/forward-deployed-engineer-ai-labs/10735587,10735587,2026-08-25
"Staff Engineer, AI Labs",Via,,,,,https://builtin.com/job/staff-engineer-ai-labs/10735497,10735497,2026-08-25
AI Solution Engineer,Jeen.ai,,,,,https://builtin.com/job/ai-solution-engineer/10713397,10713397,2026-08-25
Senior AI Engineer,Brown Brothers Harriman,,,,,https://builtin.com/job/senior-ai-engineer/10378705,10378705,2026-08-25
"Lead Engineer – GenAI, Agentic AI, and Knowledge Graph Architect",EXL,,,,,https://builtin.com/job/lead-engineer-genai-agentic-ai-and-knowledge-graph-architect/10376462,10376462,2026-08-25
Senior Principal Engineer (Generative AI Strategy),Bank of America,,,,,https://builtin.com/job/senior-principal-engineer-generative-ai-strategy/10374607,10374607,2026-08-25
AI Product Engineer,Sunset,,,,,https://builtin.com/job/ai-product-engineer/10730034,10730034,2026-08-25
AI Engineer (US),Lynx Analytics,,,,,https://builtin.com/job/ai-engineer-us/10352194,10352194,2026-08-25
"Principal Forward Deployed AI Engineer (GenAI, AWS)",Provectus,,,,,https://builtin.com/job/senior-forward-deployed-ai-engineer-genai-aws/10356035,10356035,2026-08-25
"Senior Software Engineer,  Agentic Platform, AI Labs",Epiq,,,,,https://builtin.com/job/senior-software-engineer-agentic-platform/10649416,10649416,2026-08-25
Security / AI Cloud Engineer,New Charter Technologies,,,,,https://builtin.com/job/security-ai-cloud-engineer/10725649,10725649,2026-08-25
Oliver Wyman - Senior Lead AI Engineer,Oliver Wyman,,,,,https://builtin.com/job/oliver-wyman-senior-lead-ai-engineer/10724282,10724282,2026-08-25
AI-Native Engineer,Mirror Physics,,,,,https://builtin.com/job/ai-native-engineer/10722908,10722908,2026-08-25
Software Engineer - Applied AI,Luminary (withluminary.com),,,,,https://builtin.com/job/software-engineer-applied-ai/10719846,10719846,2026-08-25
Oliver Wyman - Senior Lead AI Engineer,Marsh McLennan,,,,,https://builtin.com/job/oliver-wyman-senior-lead-ai-engineer/10713281,10713281,2026-08-25
Sr. AI Security Engineer,LPL Financial,,,,,https://builtin.com/job/sr-ai-security-engineer/10711430,10711430,2026-08-25
Senior Analytics Engineer (AI Insurance SaaS),EvolutionIQ,,,,,https://builtin.com/job/senior-analytics-engineer-ai-insurance-saas/10321203,10321203,2026-08-25
Staff or Sr. Staff Software Engineer (AI Insurance Tech),EvolutionIQ,,,,,https://builtin.com/job/senior-staff-or-principal-software-engineer-ai-insurance-tech/10321207,10321207,2026-08-25
"Research Engineer, AI",Biohub,,,,,https://builtin.com/job/research-engineer-ai/10312639,10312639,2026-08-25
"Staff+ Software Engineer, Enterprise AI Products",Anthropic,,,,,https://builtin.com/job/staff-software-engineer-enterprise-ai-products/10324541,10324541,2026-08-25
"Senior AI Engineer, Applied AI Solutions",Horizon Media,,,,,https://builtin.com/job/senior-ai-engineer-applied-ai-solutions/10315654,10315654,2026-08-25
"Staff Software Engineer, Applied AI",Valence,,,,,https://builtin.com/job/staff-software-engineer-applied-ai/9950672,9950672,2026-08-25
"Applied AI Engineer, Startups",OpenAI,,,,,https://builtin.com/job/solutions-architect-startups/7614017,7614017,2026-08-25
Senior AI Product Design Engineer,Converteo,,,,,https://builtin.com/job/senior-ai-product-design-engineer/10693136,10693136,2026-08-25
Full Stack Software Engineer (T. Rowe Price AI Lab),T. Rowe Price,,,,,https://builtin.com/job/full-stack-software-engineer-t-rowe-price-ai-lab/10692644,10692644,2026-08-25
Staff Software Engineer (AI Agents),Traba,,,,,https://builtin.com/job/staff-software-engineer-ai-agents/10267400,10267400,2026-08-25
"Software Engineer, Infrastructure, AI Labs",Epiq,,,,,https://builtin.com/job/software-engineer-infrastructure/10651350,10651350,2026-08-25
Intermediate Client-Embedded AI Solutions Engineer (aka: FDE),Calliere,,,,,https://builtin.com/job/intermediate-client-embedded-ai-solutions-engineer-aka-fde/10682337,10682337,2026-08-25
"Forward-Deployed Engineer, AI Platforms, NYC",Calliere,,,,,https://builtin.com/job/forward-deployed-engineer-ai-platforms-nyc/10682322,10682322,2026-08-25
Senior Forward-Deployed AI Engineer (Build & Deploy Lead),Calliere,,,,,https://builtin.com/job/senior-forward-deployed-ai-engineer-build-deploy-lead/10682330,10682330,2026-08-25
"Senior & Staff Backend Engineer, AI Systems",Calliere,,,,,https://builtin.com/job/senior-staff-backend-engineer-ai-systems/10682327,10682327,2026-08-25
"Senior Director, AI / Machine Learning Data Engineer",BNY,,,,,https://builtin.com/job/senior-director-ai-machine-learning-data-engineer/10678891,10678891,2026-08-25
Senior Software Engineer – AI/HPC Middleware,Cornelis Networks,,,,,https://builtin.com/job/senior-software-engineer-ai-hpc-middleware/10677669,10677669,2026-08-25
Software Engineer – AI/HPC Middleware,Cornelis Networks,,,,,https://builtin.com/job/software-engineer-ai-hpc-middleware/10677639,10677639,2026-08-25
"Senior Frontend Engineer, AI Observability & Evals Platform",LangChain,,,,,https://builtin.com/job/senior-frontend-engineer-ai-observability-evals-platform/10674023,10674023,2026-08-25
Senior Software Engineer - Enterprise AI,Spotify,,,,,https://builtin.com/job/senior-software-engineer-enterprise-ai/10673592,10673592,2026-08-25
"Senior Software Engineer, Data Platform, AI Labs",Epiq,,,,,https://builtin.com/job/senior-software-engineer-data-platform/10646799,10646799,2026-08-25
AI Principal Engineer,Voya Financial,,,,,https://builtin.com/job/ai-principal-engineer/10653809,10653809,2026-08-25
Applied AI Engineer,Squad AI Ltd,,,,,https://builtin.com/job/applied-ai-engineer/10642976,10642976,2026-08-25
Applied AI Engineer,Rowspace,,,,,https://builtin.com/job/applied-ai-engineer/10642733,10642733,2026-08-25
AI Sales Engineer,Monk,,,,,https://builtin.com/job/ai-sales-engineer/10642666,10642666,2026-08-25
Lead Generative AI Developer,Citi,,,,,https://builtin.com/job/lead-generative-ai-developer/10638004,10638004,2026-08-25
"Frontend Engineer, AI Observability & Evals Platform",LangChain,,,,,https://builtin.com/job/frontend-engineer-ai-observability-evals-platform/10632912,10632912,2026-08-25
Software Engineer - AI Developer Productivity,Baseten,,,,,https://builtin.com/job/software-engineer-ai-developer-productivity/10632765,10632765,2026-08-25
AI Native Engineer,Legalist,,,,,https://builtin.com/job/ai-native-engineer/10632346,10632346,2026-08-25
"AVP, IAM AI Engineer",LPL Financial,,,,,https://builtin.com/job/avp-iam-ai-engineer/10632171,10632171,2026-08-25
"AI Software Engineer, Growth",Palona AI,,,,,https://builtin.com/job/ai-software-engineer-growth/10632141,10632141,2026-08-25
AI Modeling Engineer,Palona AI,,,,,https://builtin.com/job/ai-modeling-engineer/10632142,10632142,2026-08-25
AI Infrastructure Engineer,Palona AI,,,,,https://builtin.com/job/ai-infrastructure-engineer/10632136,10632136,2026-08-25
"AI Software Engineer, Product",Palona AI,,,,,https://builtin.com/job/ai-software-engineer-product/10632135,10632135,2026-08-25
Senior AI Engineer,Brellium,,,,,https://builtin.com/job/senior-ai-engineer/10630558,10630558,2026-08-25
Staff AI Engineer,Oscar Health,,,,,https://builtin.com/job/staff-ai-engineer/10628556,10628556,2026-08-25
"Applied AI Engineer, Office of the CEO",Pagaya,,,,,https://builtin.com/job/applied-ai-engineer-office-ceo/10625275,10625275,2026-08-25
"AI Applications Engineer (Glen Cove, NY)",Standard Bots,,,,,https://builtin.com/job/ai-applications-engineer-glen-cove-ny/10471059,10471059,2026-08-25
"Senior Software Engineer, AI Developer Experience",Decagon,,,,,https://builtin.com/job/senior-software-engineer-developer-platform/8461281,8461281,2026-08-25
Senior Generative AI Developer,Citi,,,,,https://builtin.com/job/senior-generative-ai-developer/10585555,10585555,2026-08-25
Senior AI Engineer (US Remote),"Motorola Solutions, Inc.",,,,,https://builtin.com/job/senior-ai-engineer-us-remote/10450613,10450613,2026-08-25
AI Prompt Engineer / AI Application Engineer,Afficiency,,,,,https://builtin.com/job/ai-prompt-engineer-ai-application-engineer/10568880,10568880,2026-08-25
Senior Software Engineer (Python / AI Insurance SaaS),EvolutionIQ,,,,,https://builtin.com/job/senior-software-engineer-python-ai-insurance-saas/10568604,10568604,2026-08-25
"Applied AI Engineer, Enterprise Tech",Anthropic,,,,,https://builtin.com/job/applied-ai-engineer-enterprise-tech/10567098,10567098,2026-08-25
"Staff Partner Engineer, AI Partnerships",Databricks,,,,,https://builtin.com/job/staff-partner-engineer-ai-partnerships/10557198,10557198,2026-08-25
"Forward Deployed Engineer, AI Transformation - Director",Citi,,,,,https://builtin.com/job/forward-deployed-engineer-ai-transformation-director/10551167,10551167,2026-08-25
Lead AI Engineer,Guardian Life,,,,,https://builtin.com/job/lead-ai-engineer/10542041,10542041,2026-08-25
Senior Machine Learning (ML) Engineer (AI Insurtech),EvolutionIQ,,,,,https://builtin.com/job/senior-machine-learning-ml-engineer-ai-insurtech/10540859,10540859,2026-08-25
Distinguished AI Engineer (Hybrid),Cisco,,,,,https://builtin.com/job/distinguished-ai-engineer-hybrid/10538520,10538520,2026-08-25
AI Developer,Wellcom Worldwide,,,,,https://builtin.com/job/ai-developer/10528819,10528819,2026-08-25
"Software Engineer I, Generative AI Applications",Robert Half,,,,,https://builtin.com/job/software-engineer-i-generative-ai-applications/10510178,10510178,2026-08-25
Applied AI Engineer,SOCOTEC,,,,,https://builtin.com/job/applied-ai-engineer/10510085,10510085,2026-08-25
AI Inference Engineer,Baseten,,,,,https://builtin.com/job/ai-inference-engineer/10509533,10509533,2026-08-25
Software Engineer - Applied AI,Cogent Security,,,,,https://builtin.com/job/software-engineer-applied-ai/10508344,10508344,2026-08-25
AI Engineer (New York),Edra,,,,,https://builtin.com/job/ai-engineer-new-york/10504455,10504455,2026-08-25
Senior Frontier Agents Engineer (Applied AI),Scale AI,,,,,https://builtin.com/job/senior-frontier-agents-engineer-applied-ai/10491275,10491275,2026-08-25
Staff Frontier Agents Engineer (Applied AI),Scale AI,,,,,https://builtin.com/job/staff-frontier-agents-engineer-applied-ai/10491276,10491276,2026-08-25
Frontier Agents Engineer (Applied AI),Scale AI,,,,,https://builtin.com/job/frontier-agents-engineer-applied-ai/10491274,10491274,2026-08-25
AI Operations Engineer,SuperDial,,,,,https://builtin.com/job/ai-operations-engineer/10490610,10490610,2026-08-25
"Software Engineer, Gen AI",Scale AI,,,,,https://builtin.com/job/software-engineer-gen-ai/10083340,10083340,2026-08-25
GTM AI Engineer,Gong,,,,,https://builtin.com/job/gtm-ai-engineer/10487352,10487352,2026-08-25
Applied AI Engineer,Santé (YC S23),,,,,https://builtin.com/job/ai-engineer/10387145,10387145,2026-08-25
AI Product Engineer,Arootah,,,,,https://builtin.com/job/ai-product-engineer/10122543,10122543,2026-08-25
Senior Full-Stack Engineer — AI/ML Systems,Rocket Game Talent,,,,,https://builtin.com/job/senior-full-stack-engineer-ai-ml-systems/10315008,10315008,2026-08-25
Lead ML & AI Engineer,HERE Technologies,,,,,https://builtin.com/job/lead-ml-ai-engineer/10512327,10512327,2026-08-25
Sr. AI/ML Engineer,LogicMonitor,,,,,https://builtin.com/job/sr-ai-ml-engineer/10390409,10390409,2026-08-25
"Software Engineer III - SRE, Python/Java, AWS, AI",JPMorganChase,,,,,https://builtin.com/job/software-engineer-iii-sre-python-java-aws-ai/10826632,10826632,2026-08-25
"Senior/Staff AI Engineer, SMAI",Micron Technology,,,,,https://builtin.com/job/senior-staff-ai-engineer-smai/10671388,10671388,2026-08-25
"Sr. Software Engineer (Java, React, Oracle, AI skills)",Vertafore,,,,,https://builtin.com/job/sr-software-engineer-java-react-oracle-ai-skills/10311341,10311341,2026-08-25
AI/ML Engineer,Optum,,,,,https://builtin.com/job/ai-ml-engineer/10819173,10819173,2026-08-25
Senior AI/ML Engineer,Optum,,,,,https://builtin.com/job/senior-ai-ml-engineer/10545459,10545459,2026-08-25
Lead AI/ML Engineer,Optum,,,,,https://builtin.com/job/lead-ai-ml-engineer/10819111,10819111,2026-08-25
Senior AI ML Engineer,Optum,,,,,https://builtin.com/job/associate-ai-ml-engineer/10057149,10057149,2026-08-25
Sr Lead Software Engineer - Agentic AI Solutions,JPMorganChase,,,,,https://builtin.com/job/sr-lead-software-engineer-agentic-ai-solutions/10310391,10310391,2026-08-25
Principal Engineer - Gen AI,Wells Fargo,,,,,https://builtin.com/job/principal-engineer-gen-ai/10813562,10813562,2026-08-25
Principal Engineer (AI) for Database Technology,Wells Fargo,,,,,https://builtin.com/job/principal-engineer-ai-database-technology/10813518,10813518,2026-08-25
"Software Engineer- Dot net FSE, C#, Azure,AI ML",Optum,,,,,https://builtin.com/job/software-engineer-dot-net-fse-c-azure-ai-ml/10424108,10424108,2026-08-25
"Software Engineer - .net FSE, C#, Azure, AI ML",Optum,,,,,https://builtin.com/job/software-engineer-net-fse-c-azure-ai-ml/10424057,10424057,2026-08-25
Applied AI Engineer - India,Dscout,,,,,https://builtin.com/job/applied-ai-engineer-india/10806677,10806677,2026-08-25
"Senior Software Engineer - Java/.net/python/go, API development, gen AI - Chennai, Bangalore",Optum,,,,,https://builtin.com/job/senior-software-engineer-java-net-python-go-api-development-gen-ai-chennai-bangalore/10803482,10803482,2026-08-25
AI Engineer,Capco,,,,,https://builtin.com/job/ai-engineer/10794461,10794461,2026-08-25
AI ML Engineer,Optum,,,,,https://builtin.com/job/ai-ml-engineer/10583391,10583391,2026-08-25
Applied AI/ML Engineer,JPMorganChase,,,,,https://builtin.com/job/applied-ai-ml-engineer/10753297,10753297,2026-08-25
"Senior Software Engineer, Applied AI and Customer Solutions",Coursera + Udemy,,,,,https://builtin.com/job/senior-software-engineer-applied-ai-and-customer-solutions/10794060,10794060,2026-08-25
Sr. GTM AI Engineer,LogicMonitor,,,,,https://builtin.com/job/sr-gtm-ai-engineer/10793626,10793626,2026-08-25
"AI Developer, Digital Enterprise",Magna International,,,,,https://builtin.com/job/ai-developer-digital-enterprise/10788237,10788237,2026-08-25
Applied AI ML Associate Senior-Data Engineer,JPMorganChase,,,,,https://builtin.com/job/applied-ai-ml-associate-senior-data-engineer/10498029,10498029,2026-08-25
"Sr Lead Software Engineer - Python, Agentic AI Solutions",JPMorganChase,,,,,https://builtin.com/job/sr-lead-software-engineer-agentic-ai/10307465,10307465,2026-08-25
AI/ML Engineer - AI and  Java Spring,Optum,,,,,https://builtin.com/job/ai-ml-engineer-ai-and-java-spring/10780255,10780255,2026-08-25
Senior AI or ML Engineer,Optum,,,,,https://builtin.com/job/senior-ai-or-ml-engineer/10780057,10780057,2026-08-25
Senior AI/ML Engineer (Gen AI Specialist),Optum,,,,,https://builtin.com/job/senior-ai-ml-engineer-gen-ai-specialist/10779884,10779884,2026-08-25
"AI/ML Engineer-Python, ML, DL, GenAI, AWS/Azure cloud",Optum,,,,,https://builtin.com/job/ai-ml-engineer-python-ml-dl-genai-aws-azure-cloud/10779746,10779746,2026-08-25
"Software Engineer, AI Agents",Cloudflare,,,,,https://builtin.com/job/software-engineer-ai-agents/10775359,10775359,2026-08-25
Security Engineer AI Cloud,McCain Foods,,,,,https://builtin.com/job/security-engineer-ai-cloud/10770948,10770948,2026-08-25
"Artificial Intelligence Engineer, Portfolio Management Group, Associate",BlackRock,,,,,https://builtin.com/job/artificial-intelligence-engineer-portfolio-management-group-associate/10768592,10768592,2026-08-25
AI Engineer,GitLab,,,,,https://builtin.com/job/ai-engineer/10765299,10765299,2026-08-25
"Java Full Stack (Java, ReactJS, AWS, and exposure to AI tools) Software Engineer II",JPMorganChase,,,,,https://builtin.com/job/java-full-stack-java-reactjs-aws-and-exposure-ai-tools-software-engineer-ii/10763281,10763281,2026-08-25
Lead Software Engineer - Java and AI/ML,JPMorganChase,,,,,https://builtin.com/job/lead-software-engineer-java-and-ai-ml/10763161,10763161,2026-08-25
AI Engineer,MetLife,,,,,https://builtin.com/job/ai-engineer/10758323,10758323,2026-08-25
AI/ML Test Automation Engineer 4,Comcast,,,,,https://builtin.com/job/ai-ml-test-automation-engineer-4/10756647,10756647,2026-08-25
"Lead AI/ML Engineer(MCP , terraform, Agentic Protocols,LLMs)",Optum,,,,,https://builtin.com/job/lead-ai-ml-engineer/9477708,9477708,2026-08-25
"Lead AI Security Engineer, AI Identities",Mastercard,,,,,https://builtin.com/job/lead-ai-security-engineer-ai-identities/10386986,10386986,2026-08-25
"Lead Software Engineer – .NET, Cloud, AI",CSC,,,,,https://builtin.com/job/expert-software-engineer/10002485,10002485,2026-08-25
AI Engineer - Quality,Celonis,,,,,https://builtin.com/job/ai-engineer-quality/10737520,10737520,2026-08-25
"Senior Software Engineer, AI Framework Integrations",MongoDB,,,,,https://builtin.com/job/senior-software-engineer-ai-builder-experience-abx/10553608,10553608,2026-08-25
"Senior AI/ML Engineer - Gen AI, LLM, AWS, Python/JAVA",Optum,,,,,https://builtin.com/job/senior-ai-ml-engineer-gen-ai-llm-aws-python-java/10375774,10375774,2026-08-25
Associate AI/ML Engineer,Optum,,,,,https://builtin.com/job/associate-ai-ml-engineer/10375821,10375821,2026-08-25
AI Agent Engineer - Moveworks,ServiceNow,,,,,https://builtin.com/job/ai-agent-engineer-moveworks/10732130,10732130,2026-08-25
Software Engineer II - Java & AI,JPMorganChase,,,,,https://builtin.com/job/software-engineer-ii-java-ai/10709264,10709264,2026-08-25
Advisor -AI Security Engineer,TransUnion,,,,,https://builtin.com/job/advisor-ai-security-engineer/10715010,10715010,2026-08-25
"Principal Security Engineer, AI Security & SecOps",Uniphore,,,,,https://builtin.com/job/principal-security-engineer-ai-security-secops/10714519,10714519,2026-08-25
Lead Software Engineer - Python and AI,JPMorganChase,,,,,https://builtin.com/job/lead-software-engineer-python-and-ai/10709252,10709252,2026-08-25
Principal Applied AI App Engineer,Mastercard,,,,,https://builtin.com/job/principal-applied-ai-app-engineer/10322754,10322754,2026-08-25
Lead AI Engineer,Wells Fargo,,,,,https://builtin.com/job/lead-ai-engineer/10679847,10679847,2026-08-25
"Senior Software Engineer - React, Angular, Node.js, AI Tools",Wells Fargo,,,,,https://builtin.com/job/senior-software-engineer-react-angular-node-js-ai-tools/10699423,10699423,2026-08-25
"Senior AI Engineer, AI Engineering",Mastercard,,,,,https://builtin.com/job/senior-ai-engineer-ai-engineering/10694623,10694623,2026-08-25
AI Engineer,Mastercard,,,,,https://builtin.com/job/ai-engineer/10694600,10694600,2026-08-25
"UI Engineer, AI",LogicMonitor,,,,,https://builtin.com/job/ui-engineer-ai/10472953,10472953,2026-08-25
Senior Software Engineer - Python/Agentic AI,BlackLine,,,,,https://builtin.com/job/senior-software-engineer-python-agentic-ai/10686721,10686721,2026-08-25
Applied AI ML Associate Senior -AI Engineer,JPMorganChase,,,,,https://builtin.com/job/applied-ai-ml-associate-senior-ai-engineer/10472299,10472299,2026-08-25
Senior AI & ML Engineer,Nexthink,,,,,https://builtin.com/job/senior-ai-ml-engineer/10466836,10466836,2026-08-25
"AI or ML Engineer - LLMs, RAG, LangChain, LangGraph",Optum,,,,,https://builtin.com/job/ai-or-ml-engineer-llms-rag-langchain-langgraph/10666722,10666722,2026-08-25
"Senior Software Engineer II, AI/ML",DigitalOcean,,,,,https://builtin.com/job/senior-software-engineer-ii-ai-ml/10656210,10656210,2026-08-25
"Software Engineer II, AI/ML",DigitalOcean,,,,,https://builtin.com/job/software-engineer-ii-ai-ml/10656201,10656201,2026-08-25
"Senior Software Engineer I, AI/ML",DigitalOcean,,,,,https://builtin.com/job/senior-software-engineer-i-ai-ml/10656192,10656192,2026-08-25
"Senior Software Engineering Lead - Salesforce Developer, AI",Optum,,,,,https://builtin.com/job/senior-software-engineering-lead-salesforce-developer-ai/10645179,10645179,2026-08-25
AI Engineer,Morningstar,,,,,https://builtin.com/job/marketing-ai-ml-engineer/10324305,10324305,2026-08-25
"Senior Software Engineer, AI Builder Experience (ABX)",MongoDB,,,,,https://builtin.com/job/senior-software-engineer/10616727,10616727,2026-08-25
Senior Applied AI Engineer,Celonis,,,,,https://builtin.com/job/senior-applied-ai-engineer/10019981,10019981,2026-08-25
"Lead Software Engineer - Java Full Stack, Python and AI",JPMorganChase,,,,,https://builtin.com/job/lead-software-engineer-java-full-stack-python-and-ai/10596354,10596354,2026-08-25
Sr ML & AI Engineer,HERE Technologies,,,,,https://builtin.com/job/sr-ml-ai-engineer/10595549,10595549,2026-08-25
Senior AI Engineer,Micron Technology,,,,,https://builtin.com/job/senior-cloud-engineer/10284957,10284957,2026-08-25
"Senior Software Engineer I - JAVA, React, SpringBoot, MicroService, Gen AI",Optum,,,,,https://builtin.com/job/senior-software-engineer-i-java-react-springboot-microservice-gen-ai/10545460,10545460,2026-08-25
"Lead Software Engineer - Fullstack Lead - AI, LLM",JPMorganChase,,,,,https://builtin.com/job/lead-software-engineer-fullstack-lead-ai-llm/10400179,10400179,2026-08-25
Senior Forward Deployed Engineer I (AI Inference),DigitalOcean,,,,,https://builtin.com/job/senior-forward-deployed-engineer-i-ai-inference/10521962,10521962,2026-08-25
"Engineer, AI Process Intelligence",Micron Technology,,,,,https://builtin.com/job/engineer-ai-process-intelligence/10487283,10487283,2026-08-25
Binance Accelerator Program - LLM Recommendation & Agentic AI Engineer,Binance,,,,,https://builtin.com/job/binance-accelerator-program-llm-recommendation-agentic-ai-engineer/10653767,10653767,2026-08-25
Senior Software Engineer -Senior AI Engineer,Microsoft,,,,,https://builtin.com/job/senior-software-engineer-senior-ai-engineer/10831636,10831636,2026-08-25
AI Data & Knowledge Engineer – Senior Associate,State Street,,,,,https://builtin.com/job/ai-data-knowledge-engineer-senior-associate/10580676,10580676,2026-08-25
AI Developer,Ciena,,,,,https://builtin.com/job/ai-developer/10767812,10767812,2026-08-25
Pricipal engineer/agentic ai,"Weekday, Inc.",,,,,https://builtin.com/job/pricipal-engineer-agentic-ai/10830853,10830853,2026-08-25
Sr. Software Engineer (8+ Years in C#.Net + Angular 16+ + .NetCore + SQL + AI-Assisted Software Development),Assurant,,,,,https://builtin.com/job/sr-software-engineer-8-years-c-net-angular-16-netcore-sql/10486775,10486775,2026-08-25
Principal Software Engineer - AI,Red Hat,,,,,https://builtin.com/job/principal-software-engineer-ai/10829532,10829532,2026-08-25
AI Principal Engineer,Teamified,,,,,https://builtin.com/job/ai-principal-engineer/10828564,10828564,2026-08-25
AI / ML Engineer,Accenture,,,,,https://builtin.com/job/ai-ml-engineer/10787458,10787458,2026-08-25
GenAI / Agentic AI Engineer,Arting Digital,,,,,https://builtin.com/job/genai-agentic-ai-engineer/10828257,10828257,2026-08-25
AI/ML Engineer,Chubb,,,,,https://builtin.com/job/ai-ml-engineer/10827220,10827220,2026-08-25
Senior Test Engineer - AI/ML,Quantiphi,,,,,https://builtin.com/job/senior-test-engineer-ai-ml/10456716,10456716,2026-08-25
AI Software Engineer - India,Outsourced Pro Global,,,,,https://builtin.com/job/ai-software-engineer-india/10455166,10455166,2026-08-25
Sr. AI/ML Engineer,Armakuni,,,,,https://builtin.com/job/sr-ai-ml-engineer/10453040,10453040,2026-08-25
Lead AI/ML Engineer,Armakuni,,,,,https://builtin.com/job/lead-ai-ml-engineer/10453036,10453036,2026-08-25
Principal AI-ML Engineer,Fortive,,,,,https://builtin.com/job/principal-ai-ml-engineer/10457626,10457626,2026-08-25
Agentic AI Data Engineer,EXL,,,,,https://builtin.com/job/agentic-ai-data-engineer/10455268,10455268,2026-08-25
AI / ML Engineer,EXL,,,,,https://builtin.com/job/ai-ml-engineer/10461238,10461238,2026-08-25
Lead Software Engineer - AI Automation,Circana,,,,,https://builtin.com/job/lead-software-engineer-ai-automation/10464654,10464654,2026-08-25
GEN AI Engineer,Sopra Steria,,,,,https://builtin.com/job/gen-ai-engineer/10452452,10452452,2026-08-25
AI/ML Engineer,NationsBenefits,,,,,https://builtin.com/job/ai-ml-engineer/10452868,10452868,2026-08-25
QA Engineer – AI Voice Bot Testing,NationsBenefits,,,,,https://builtin.com/job/qa-engineer-ai-voice-bot-testing/10452874,10452874,2026-08-25
Senior AI/ML Engineer,NationsBenefits,,,,,https://builtin.com/job/senior-ai-ml-engineer/10452875,10452875,2026-08-25
AI Integration Engineer,Celigo,,,,,https://builtin.com/job/ai-integration-engineer/10458005,10458005,2026-08-25
Senior Artificial Intelligence Engineer,RBFCU Wealth Management,,,,,https://builtin.com/job/senior-artificial-intelligence-engineer/10474785,10474785,2026-08-25
Senior Artificial Intelligence Engineer,"Ameriprise Financial Services, LLC",,,,,https://builtin.com/job/senior-artificial-intelligence-engineer/10474362,10474362,2026-08-25
Data Engineer | AI & Analytics,Acuvon Consulting Private Limited,,,,,https://builtin.com/job/data-engineer-ai-analytics/10827454,10827454,2026-08-25
Enterprise Software Engineer (Artificial Intelligence),Wolters Kluwer,,,,,https://builtin.com/job/enterprise-software-engineer-artificial-intelligence/10822737,10822737,2026-08-25
"Senior Security Engineer, AI & Automation",F5,,,,,https://builtin.com/job/senior-security-engineer-ai-automation/10827081,10827081,2026-08-25
Senior AI/ML Engineer,A.P. Moller - Maersk,,,,,https://builtin.com/job/senior-ai-ml-engineer/10827075,10827075,2026-08-25
Full-Stack AI Engineer / Data Scientist – Agentic Systems,Roche,,,,,https://builtin.com/job/full-stack-ai-engineer-data-scientist-agentic-systems/10660421,10660421,2026-08-25
"Full-Stack Software Engineer (Frontend, Backend & Cloud) – Applied & Agentic AI Systems",Roche,,,,,https://builtin.com/job/full-stack-software-engineer-frontend-backend-cloud-applied-agentic-ai-systems/10660410,10660410,2026-08-25
Senior Software Engineer (AI and Networking),Sophos,,,,,https://builtin.com/job/senior-software-engineer-ai-and-networking/10826713,10826713,2026-08-25
Principal AI Engineer,Bristol Myers Squibb,,,,,https://builtin.com/job/principal-ai-engineer/10392966,10392966,2026-08-25
Senior System Software Engineer - Local AI Automation,NVIDIA,,,,,https://builtin.com/job/senior-system-software-engineer-local-ai-automation/10381907,10381907,2026-08-25
Java Full Stack AI Engineer- LINA GI,Chubb,,,,,https://builtin.com/job/technical-lead-java-full-stack-ai-engineer/10826475,10826475,2026-08-25
AI Engineer - HR,Revvity,,,,,https://builtin.com/job/ai-engineer-hr/10826314,10826314,2026-08-25
AI Engineer,GE Healthcare,,,,,https://builtin.com/job/ai-engineer/10826281,10826281,2026-08-25
Senior Engineer AI-ML,Citi,,,,,https://builtin.com/job/senior-engineer-ai-ml/10735013,10735013,2026-08-25
AI Research Engineer,"Weekday, Inc.",,,,,https://builtin.com/job/ai-research-engineer/10826068,10826068,2026-08-25
Data Automation & AI Engineer,Barclays,,,,,https://builtin.com/job/data-automation-ai-engineer/10825833,10825833,2026-08-25
Senior AI Ops Engineer,Bottomline Technologies,,,,,https://builtin.com/job/senior-ai-ops-engineer/10825654,10825654,2026-08-25
AI  Full-Stack Developer,Palo Alto Labs,,,,,https://builtin.com/job/ai-full-stack-developer/10825632,10825632,2026-08-25
AI Engineer (NetzHero),TalkingLands (Talking Lands Technologies Private Limited),,,,,https://builtin.com/job/ai-engineer-netzhero/10825009,10825009,2026-08-25
AI Engineer,Centre for Computational Technologies Pvt. Ltd. (CCTech),,,,,https://builtin.com/job/ai-engineer/10824867,10824867,2026-08-25
AI/ML Engineer,Nucleus Software,,,,,https://builtin.com/job/ai-ml-engineer/10824645,10824645,2026-08-25
Sr AI Engineer (Generative AI & Pharmacovigilance),EVERSANA,,,,,https://builtin.com/job/sr-ai-engineer-generative-ai-pharmacovigilance/10751183,10751183,2026-08-25
Senior Full-Stack Product Engineer — Agentic AI Applications,Agivant Technologies India Private Limited,,,,,https://builtin.com/job/senior-full-stack-product-engineer-agentic-ai-applications/10824133,10824133,2026-08-25
AI Engineer – Agentic AI & GraphRAG,Agivant Technologies India Private Limited,,,,,https://builtin.com/job/ai-engineer-agentic-ai-graphrag/10824094,10824094,2026-08-25
Full Stack Developer (AI Agents),Databricks,,,,,https://builtin.com/job/full-stack-developer-ai-agents/10453205,10453205,2026-08-25
Senior Software Engineer – Backend & AI-Enabled,Everbridge,,,,,https://builtin.com/job/senior-software-engineer-backend-ai-enabled/10823813,10823813,2026-08-25
AI/ML Engineer,DataZymes Analytics Pvt. Ltd.,,,,,https://builtin.com/job/ai-ml-engineer/10823719,10823719,2026-08-25
Advanced Engineer-AI/ML,Harman,,,,,https://builtin.com/job/advanced-engineer-ai-ml/10818697,10818697,2026-08-25
Lead Engineer - Agentic AI,DataZymes Analytics Pvt. Ltd.,,,,,https://builtin.com/job/lead-engineer-agentic-ai/10823716,10823716,2026-08-25
Intellect AI - Java Integration & Backend Developer,Exavalu,,,,,https://builtin.com/job/intellect-ai-java-integration-backend-developer/10823669,10823669,2026-08-25
Senior AI Engineer,Exavalu,,,,,https://builtin.com/job/senior-ai-engineer/10823666,10823666,2026-08-25
AI Software Engineer (Agentic AI),Exavalu,,,,,https://builtin.com/job/ai-software-engineer-agentic-ai/10823641,10823641,2026-08-25
Principal Agentic AI Engineer,Exavalu,,,,,https://builtin.com/job/principal-agentic-ai-engineer/10823639,10823639,2026-08-25
Full Stack AI Engineer,Alignity,,,,,https://builtin.com/job/full-stack-ai-engineer/10823578,10823578,2026-08-25
Senior Engineer - AI/ML -Ops (6-8 Yrs),APTIV,,,,,https://builtin.com/job/senior-engineer-ai-ml-ops-6-8-yrs/10823571,10823571,2026-08-25
AI Data Engineer,S&P Global,,,,,https://builtin.com/job/ai-data-engineer/10458656,10458656,2026-08-25
"Software Engineer Lead, Senior (Generative AI)",Zebra Technologies,,,,,https://builtin.com/job/software-engineer-lead-senior-generative-ai/10823458,10823458,2026-08-25
Senior AI Solutions Engineer,NTT DATA,,,,,https://builtin.com/job/senior-ai-solutions-engineer/10823444,10823444,2026-08-25
Senior DevOps/Cloud Platform Engineer (AWS| Kubernetes|AI Infrastructure),Annova Solutions,,,,,https://builtin.com/job/senior-devops-cloud-platform-engineer-aws-kubernetes-ai-infrastructure/10823128,10823128,2026-08-25
Senior AI/ML Engineer,MNR Technologies,,,,,https://builtin.com/job/senior-ai-ml-engineer/10822930,10822930,2026-08-25
SAP BTP AI Developer,Groupsoft US,,,,,https://builtin.com/job/sap-btp-ai-developer/10822787,10822787,2026-08-25
Fullstack Java Engineer (With AI Capabilities),National Payments Corporation Of India (NPCI),,,,,https://builtin.com/job/fullstack-java-engineer-ai-capabilities/10822193,10822193,2026-08-25
AI Engineer,National Payments Corporation Of India (NPCI),,,,,https://builtin.com/job/ai-engineer/10822179,10822179,2026-08-25
AI Software Engineer,Aptus Data Labs,,,,,https://builtin.com/job/ai-software-engineer/10821811,10821811,2026-08-25
Lead AI Engineer,Aptus Data Labs,,,,,https://builtin.com/job/lead-ai-engineer/10821792,10821792,2026-08-25
AI Fullstack Developer,Aptus Data Labs,,,,,https://builtin.com/job/ai-fullstack-developer/10821790,10821790,2026-08-25
Software Engineer - AI/ML,Harman,,,,,https://builtin.com/job/software-engineer-ai-ml/10794130,10794130,2026-08-25
AI/ML Engineer,Maersk,,,,,https://builtin.com/job/ai-ml-engineer/10821739,10821739,2026-08-25
Senior AI Engineer,Ecolab,,,,,https://builtin.com/job/senior-qa-engineer/8414440,8414440,2026-08-25
AI Full Stack Engineer (React.js + Node.js),Arting Digital,,,,,https://builtin.com/job/ai-full-stack-engineer-react-js-node-js/10821334,10821334,2026-08-25
Applied AI Engineer,Convatec,,,,,https://builtin.com/job/applied-ai-engineer/10133601,10133601,2026-08-25
Machine Learning Engineer - AI,Egnyte,,,,,https://builtin.com/job/machine-learning-engineer-ai/10732550,10732550,2026-08-25
AI/ML Developer,Roxonn,,,,,https://builtin.com/job/ai-ml-developer/10820781,10820781,2026-08-25
AI Engineer,Re'equil India Private Limited,,,,,https://builtin.com/job/ai-engineer/10820555,10820555,2026-08-25
AI Platform Engineer,Rubiscape Private Limited,,,,,https://builtin.com/job/ai-platform-engineer/10820310,10820310,2026-08-25
AI Development Toolchain Engineer,Rubiscape Private Limited,,,,,https://builtin.com/job/ai-development-toolchain-engineer/10820254,10820254,2026-08-25
AI-Augmented Software Engineer,Rubiscape Private Limited,,,,,https://builtin.com/job/ai-augmented-software-engineer/10820157,10820157,2026-08-25
Senior Microsoft Azure DevOps AI Engineer,TALPRO INDIA PRIVATE LIMITED,,,,,https://builtin.com/job/senior-microsoft-azure-devops-ai-engineer/10819965,10819965,2026-08-25
AI Developer - Python + AWS Bedrock,TALPRO INDIA PRIVATE LIMITED,,,,,https://builtin.com/job/ai-developer-python-aws-bedrock/10819911,10819911,2026-08-25
Senior AI Product & Research Engineer (Consultant),TALPRO INDIA PRIVATE LIMITED,,,,,https://builtin.com/job/senior-ai-product-research-engineer-consultant/10819844,10819844,2026-08-25
AI Platform Engineer (Enterprise AI Infrastructure),TALPRO INDIA PRIVATE LIMITED,,,,,https://builtin.com/job/ai-platform-engineer-enterprise-ai-infrastructure/10819846,10819846,2026-08-25
AI Engineer – Generative & Agentic AI,TALPRO INDIA PRIVATE LIMITED,,,,,https://builtin.com/job/ai-engineer-generative-agentic-ai/10819783,10819783,2026-08-25
AI System Quality Assurance Engineer – Data & Agentic AI,ChiStats,,,,,https://builtin.com/job/ai-system-quality-assurance-engineer-data-agentic-ai/10819751,10819751,2026-08-25
Product Engineer (AI),Raaz,,,,,https://builtin.com/job/product-engineer-ai/10819740,10819740,2026-08-25
AI Engineer,INGSOL LLP,,,,,https://builtin.com/job/ai-engineer/10819650,10819650,2026-08-25
Gen AI Engineer Python,Coditas,,,,,https://builtin.com/job/gen-ai-engineer-python/10819640,10819640,2026-08-25
AI Engineer,OptimumBrew Technology LLP,,,,,https://builtin.com/job/ai-engineer/10819614,10819614,2026-08-25
AI Engineer  – Innovation & Productivity (Chennai),"Money Forward, Inc.",,,,,https://builtin.com/job/ai-engineer-innovation-productivity-chennai/10819251,10819251,2026-08-25
AI Integrated Fullstack Engineer (Chennai/Pune),"Money Forward, Inc.",,,,,https://builtin.com/job/ai-integrated-fullstack-engineer-chennai-pune/10819240,10819240,2026-08-25
AI Engineer,ContenTerra Software Pvt. Limited,,,,,https://builtin.com/job/ai-engineer/10434124,10434124,2026-08-25
Sr. AI/ML Engineer - Agentic Flows,Cyncly,,,,,https://builtin.com/job/ai-lead-agentic-flows/8849144,8849144,2026-08-25
Staff Quality Engineer - AI SOC,Arctic Wolf,,,,,https://builtin.com/job/staff-quality-engineer-ai-soc/10432272,10432272,2026-08-25
Architect AI Data Engineer,EXL,,,,,https://builtin.com/job/architect-ai-data-engineer/10059585,10059585,2026-08-25
Principal Architect AI Data Engineer,EXL,,,,,https://builtin.com/job/principal-architect-ai-data-engineer/10059642,10059642,2026-08-25
Lead AI Data Engineer,EXL,,,,,https://builtin.com/job/lead-ai-data-engineer/10059586,10059586,2026-08-25
Software Development Engineer - II | Backend (AI POD),SpotDraft,,,,,https://builtin.com/job/software-development-engineer-ii-backend-ai-pod/10434377,10434377,2026-08-25
"Staff Backend Engineer, AI Platform",Nightfall AI,,,,,https://builtin.com/job/staff-engineer/10434564,10434564,2026-08-25
Lead AI Engineer,Ecolab,,,,,https://builtin.com/job/lead-ai-engineer/10055167,10055167,2026-08-25
AI and Machine Learning Engineer,Hewlett Packard Enterprise,,,,,https://builtin.com/job/ai-and-machine-learning-engineer/10432618,10432618,2026-08-25
AI Automation Engineer,Icreon Tech,,,,,https://builtin.com/job/ai-automation-engineer/10432739,10432739,2026-08-25
AI Engineer,Recode Solutions,,,,,https://builtin.com/job/ai-engineer/10818766,10818766,2026-08-25
Software Engineer -  Agentic AI,Harman,,,,,https://builtin.com/job/software-engineer-agentic-ai/10818671,10818671,2026-08-25
AI Engineer,Addweb solution,,,,,https://builtin.com/job/ai-engineer/10818460,10818460,2026-08-25
AI Engineer [Fresher],Addweb solution,,,,,https://builtin.com/job/ai-engineer-fresher/10818452,10818452,2026-08-25
AI Data Enablement Engineer,Xenon Seven,,,,,https://builtin.com/job/ai-data-enablement-engineer/10817710,10817710,2026-08-25
"Software Engineer - Networking & Security Protocols, AI, Cloud & Virtualization - 8 to 10 years",Cisco,,,,,https://builtin.com/job/software-engineer-networking-security-protocols-ai-cloud-virtualization-8-10-years/10817407,10817407,2026-08-25
Full Stack Developer - AI,Pixel Image Ltd,,,,,https://builtin.com/job/full-stack-developer-ai/10817294,10817294,2026-08-25
AI Engineer,Kannanware,,,,,https://builtin.com/job/ai-engineer/10816224,10816224,2026-08-25
Salesforce AI Engineer,Rhythm Innovations,,,,,https://builtin.com/job/salesforce-ai-engineer/10816198,10816198,2026-08-25
Sr. Website Developer – AI Search Optimization (AEO),Rhythm Innovations,,,,,https://builtin.com/job/sr-website-developer-ai-search-optimization-aeo/10816172,10816172,2026-08-25
"Manager – Forward Deployed Engineer, Agentic AI",Blend360,,,,,https://builtin.com/job/manager-forward-deployed-engineer-agentic-ai/10815876,10815876,2026-08-25
Senior BI & AI Engineer,Thomson Reuters,,,,,https://builtin.com/job/senior-bi-ai-engineer/10356315,10356315,2026-08-25
Jr.  Microsoft Azure DevOps AI Engineer,TALPRO INDIA PRIVATE LIMITED,,,,,https://builtin.com/job/jr-microsoft-azure-devops-ai-engineer/10815482,10815482,2026-08-25
AI Engineer – Internal Agents & Workflows,TALPRO INDIA PRIVATE LIMITED,,,,,https://builtin.com/job/ai-engineer-internal-agents-workflows/10815420,10815420,2026-08-25
AI /ML Engineer,Dailoqa,,,,,https://builtin.com/job/ai-ml-engineer/10815239,10815239,2026-08-25
AI Engineer,Madhi Foundation,,,,,https://builtin.com/job/ai-engineer/10815225,10815225,2026-08-25
AI Developer,Wissen Technology,,,,,https://builtin.com/job/ai-developer/10815030,10815030,2026-08-25
Python AI Engineer,Wissen Technology,,,,,https://builtin.com/job/python-ai-engineer/10815012,10815012,2026-08-25
Senior AI/ML Engineer II,Chubb,,,,,https://builtin.com/job/senior-ai-ml-engineer-ii/10792691,10792691,2026-08-25
AI Engineer Intern,Aarvexa,,,,,https://builtin.com/job/ai-engineer-intern/10813273,10813273,2026-08-25
AI Process Automation Engineer,Pakka Limited,,,,,https://builtin.com/job/ai-process-automation-engineer/10812895,10812895,2026-08-25
Lead AI Engineer,Staples India,,,,,https://builtin.com/job/lead-ai-engineer/10812581,10812581,2026-08-25
Senior AI Engineer,Staples India,,,,,https://builtin.com/job/senior-ai-engineer/10812575,10812575,2026-08-25
Lead AI/ML Engineer,Staples India,,,,,https://builtin.com/job/lead-ai-ml-engineer/10812502,10812502,2026-08-25
AI Engineer,Vicharanashala (Lab for Education Design),,,,,https://builtin.com/job/ai-engineer/10812026,10812026,2026-08-25
AI Engineer,Teleradiology Solutions (TRS),,,,,https://builtin.com/job/ai-engineer/10812003,10812003,2026-08-25
Python - Agentic AI Developer,Calpion Inc.,,,,,https://builtin.com/job/python-agentic-ai-developer/10811744,10811744,2026-08-25
AI Engineer (Applied AI & Automation),WebBee eSolutions Private Limited,,,,,https://builtin.com/job/ai-engineer-applied-ai-automation/10811740,10811740,2026-08-25
Freelance-AI Prompt Engineer,Viga ET,,,,,https://builtin.com/job/freelance-ai-prompt-engineer/10811540,10811540,2026-08-25
Gen AI Developer,Truviq Systems Private Limited,,,,,https://builtin.com/job/gen-ai-developer/10811220,10811220,2026-08-25
Full Stack Developer [Java + Gen AI],Truviq Systems Private Limited,,,,,https://builtin.com/job/full-stack-developer-java-gen-ai/10811188,10811188,2026-08-25
Senior Software Engineer (Agentic AI),Yubi,,,,,https://builtin.com/job/senior-software-engineer-agentic-ai/10811091,10811091,2026-08-25
Principal Engineer (Agentic AI),Yubi,,,,,https://builtin.com/job/principal-engineer-agentic-ai/10811048,10811048,2026-08-25
AI Developer,Codezyng Private Limited,,,,,https://builtin.com/job/ai-developer/10810987,10810987,2026-08-25
AI Engineer,SKO SYSTEMS INDIA PVT LTD,,,,,https://builtin.com/job/ai-engineer/10810737,10810737,2026-08-25
Sr AI/Data Science Engineer,HealthMinds Consulting Private Limited,,,,,https://builtin.com/job/sr-ai-data-science-engineer/10810480,10810480,2026-08-25
Junior AI Developer,CivicDataLab,,,,,https://builtin.com/job/junior-ai-developer/10810471,10810471,2026-08-25
Associate AI Engineer,alliantgroup,,,,,https://builtin.com/job/associate-ai-engineer/10810276,10810276,2026-08-25
Expert AI Engineer,Ciklum,,,,,https://builtin.com/job/expert-ai-engineer/10414817,10414817,2026-08-25
"Lead Site Reliability Engineer, Data Platform - AI/ML Infrastructure",Cisco,,,,,https://builtin.com/job/lead-site-reliability-engineer-network-assurance-data-platform-cisco-thousandeyes/9882600,9882600,2026-08-25
AI Data Solutions Engineer,Thermo Fisher Scientific,,,,,https://builtin.com/job/ai-data-solutions-engineer/10413746,10413746,2026-08-25
Staff Engineer - AI Engineering,GE Vernova,,,,,https://builtin.com/job/staff-engineer-ai-engineering/10413898,10413898,2026-08-25
AI/ML driven ASIC Design and Implementation Principal Engineer,NXP Semiconductors,,,,,https://builtin.com/job/ai-ml-driven-asic-design-and-implementation-lead-engineer/10409668,10409668,2026-08-25
AI/ML driven ASIC Design and Implementation Automation Engineer,NXP Semiconductors,,,,,https://builtin.com/job/ai-ml-driven-asic-design-and-implementation-automation-engineer/10409670,10409670,2026-08-25
AI/ML driven ASIC Design and Implementation Automation Lead Engineer,NXP Semiconductors,,,,,https://builtin.com/job/ai-ml-driven-asic-design-and-implementation-automation-engineer/10409667,10409667,2026-08-25
Data Scientist- Generative AI Engineer,EXL,,,,,https://builtin.com/job/data-scientist/10420663,10420663,2026-08-25
AI Forward Deployed Engineer (Offshore),Zensar Technologies,,,,,https://builtin.com/job/ai-forward-deployed-engineer-offshore/10413484,10413484,2026-08-25
Lead Enterprise Engineer (AI / Artificial Intelligence),Wolters Kluwer,,,,,https://builtin.com/job/lead-enterprise-engineer-ai-artificial-intelligence/10037516,10037516,2026-08-25
Principal Cloud Developer - AI/ML,Hewlett Packard Enterprise,,,,,https://builtin.com/job/principal-cloud-developer-ai-ml/10416867,10416867,2026-08-25
AI Platform Engineer - Senior,Blackbaud,,,,,https://builtin.com/job/ai-platform-engineer-senior/10415370,10415370,2026-08-25
AI / ML Engineer II / III,Nielsen,,,,,https://builtin.com/job/ai-ml-engineer-ii-iii/10409554,10409554,2026-08-25
QA Engineer (Manual Testing with AI-Assisted Test Automation),WeblineIndia,,,,,https://builtin.com/job/qa-engineer-manual-testing-ai-assisted-test-automation/10809994,10809994,2026-08-25
Ai Engineer,Tristone Strategic Partners LLP,,,,,https://builtin.com/job/ai-engineer/10809964,10809964,2026-08-25
Lead Ai Engineer,Tristone Strategic Partners LLP,,,,,https://builtin.com/job/lead-ai-engineer/10809959,10809959,2026-08-25
Agentic AI Developer (n8n & Workflow Automation),WeblineIndia,,,,,https://builtin.com/job/agentic-ai-developer-n8n-workflow-automation/10809952,10809952,2026-08-25
AI Engineer,Colruyt Group,,,,,https://builtin.com/job/ai-engineer/10809929,10809929,2026-08-25
AI ML Developer (Q3 - 2026),eSparkBiz,,,,,https://builtin.com/job/ai-ml-developer-q3-2026/10809757,10809757,2026-08-25
"AI/ML Engineer (Q- 2, 2026 )",eSparkBiz,,,,,https://builtin.com/job/ai-ml-engineer-q-2-2026/10809746,10809746,2026-08-25
Machine Learning & AI Engineer,Lloyds Technology Centre,,,,,https://builtin.com/job/machine-learning-ai-engineer/10795618,10795618,2026-08-25
"AI Engineer - LLM / Agents (Delhi, In-Person)",Careerflow.ai,,,,,https://builtin.com/job/ai-engineer-llm-agents-delhi-person/10793117,10793117,2026-08-25
Senior Software Engineer - Data + AI Observability,Databricks,,,,,https://builtin.com/job/senior-software-engineer-data-ai-observability/10709058,10709058,2026-08-25
Lead Salesforce Full Stack AI Engineer,Elastic,,,,,https://builtin.com/job/lead-salesforce-full-stack-ai-engineer/10801271,10801271,2026-08-25
AI & Cloud Engineer,Barclays,,,,,https://builtin.com/job/cloud-platform-engineer/9490282,9490282,2026-08-25
AI/ML Engineer II,Astreya,,,,,https://builtin.com/job/ai-ml-engineer-ii/10798947,10798947,2026-08-25
"Software Engineer I, AI",Lyric - Clarity in motion.,,,,,https://builtin.com/job/software-engineer-i-ai/10389743,10389743,2026-08-25
Lead AI Engineer,Prevalent AI,,,,,https://builtin.com/job/lead-ai-engineer/10389640,10389640,2026-08-25
AI & NLP Research Solutions Engineer,Acclaro,,,,,https://builtin.com/job/ai-nlp-research-solutions-engineer/10391099,10391099,2026-08-25
"Software Engineer - Python, UI, AI, Exp: 4-8 Yrs, Bangalore",Cisco,,,,,https://builtin.com/job/software-engineer/9882301,9882301,2026-08-25
Senior Engineer AI,Delta Exchange,,,,,https://builtin.com/job/senior-engineer-ai/10393708,10393708,2026-08-25
DevOps Engineer (AI Platform),Zensar Technologies,,,,,https://builtin.com/job/devops-engineer-ai-platform/10402724,10402724,2026-08-25
AI/ML Software Engineer,Genzeon,,,,,https://builtin.com/job/full-stack-software-engineer/10391480,10391480,2026-08-25
"Engineer II, AI/Machine Learning",Edwards Lifesciences,,,,,https://builtin.com/job/engineer-ii-ai-machine-learning/9064894,9064894,2026-08-25
Senior AI Engineer/AI Lead,Parexel,,,,,https://builtin.com/job/senior-ai-engineer-ai-lead/10400434,10400434,2026-08-25
Sr. AI Engineer - Data Pipelines & Context Systems,Reltio,,,,,https://builtin.com/job/sr-ai-engineer-data-pipelines-context-systems/10389442,10389442,2026-08-25
Principal Engineer - MCP/ACP Layer(API & AI Orchestration),ABC Fitness Solutions,,,,,https://builtin.com/job/principal-engineer-mcp-acp-layer-api-ai-orchestration/10795657,10795657,2026-08-25
AI Engineer (Manager level),Clifford Chance,,,,,https://builtin.com/job/ai-engineer-manager-level/10795987,10795987,2026-08-25
AI Application Engineer,Johnson Controls,,,,,https://builtin.com/job/ai-application-engineer/10795059,10795059,2026-08-25
AI Engineer,"Weekday, Inc.",,,,,https://builtin.com/job/ai-engineer/10614362,10614362,2026-08-25
Consultant - Data Engineer + AI,Microsoft,,,,,https://builtin.com/job/technology-consulting-data-ai/10478810,10478810,2026-08-25
Lead AI Engineer,Egon Zehnder,,,,,https://builtin.com/job/lead-data-scientist-ai-ml-genai/10794497,10794497,2026-08-25
Technical Consultant - Platform Full Stack & AI Applications Engineer,Blue Yonder,,,,,https://builtin.com/job/technical-consultant-int-cloud/9590160,9590160,2026-08-25
Senior Backend Engineer - Node.js/TypeScript (AI Integration),Global Software Solutions Group,,,,,https://builtin.com/job/senior-backend-engineer-node-js-typescript-ai-integration/10793722,10793722,2026-08-25
Senior Backend Engineer (Node.js) - AI-Assisted Development,Global Software Solutions Group,,,,,https://builtin.com/job/senior-backend-engineer-node-js-ai-assisted-development/10793712,10793712,2026-08-25
"AI Staff SW Systems Engineer -AI Infra -Distributed Systems,Microservice, AI Infrastructure,Agentic systems",Extreme Networks,,,,,https://builtin.com/job/ai-staff-sw-systems-engineer-ai-infra-distributed-systems-microservice-ai-infrastructure-agentic-systems/10793398,10793398,2026-08-25
"AI Principal SW Systems Engineer -AI Infra -Distributed Systems,Microservice, AI Infrastructure,Agentic systems",Extreme Networks,,,,,https://builtin.com/job/ai-principal-sw-systems-engineer-ai-infra-distributed-systems-microservice-ai-infrastructure-agentic-systems/10793387,10793387,2026-08-25
Senior Artificial Intelligence/Machine Learning Engineer,Ciklum,,,,,https://builtin.com/job/senior-artificial-intelligence-machine-learning-engineer/10763997,10763997,2026-08-25
Software Engineer – Backend & AI Integration,Cisco,,,,,https://builtin.com/job/software-engineer-backend-ai-integration/10776636,10776636,2026-08-25
Senior AI Developer - PA26AUTRQ3136,SS&C Technologies,,,,,https://builtin.com/job/senior-ai-developer-pa26autrq3136/10476418,10476418,2026-08-25
Sr. AI Developer,TVS Next,,,,,https://builtin.com/job/sr-ai-engineer/10792582,10792582,2026-08-25
"Senior Site Reliability Engineer, AI Platform",Thomson Reuters,,,,,https://builtin.com/job/senior-site-reliability-engineer-ai-platform/10749271,10749271,2026-08-25
AI Engineer,NetWeb Software,,,,,https://builtin.com/job/ai-engineer/10790370,10790370,2026-08-25
Staff Test Engineer - AI SW Stack ( 9-13 years),Sandisk Corporation,,,,,https://builtin.com/job/staff-test-engineer-ai-sw-stack-9-13-years/10789294,10789294,2026-08-25
Senior Python Engineer – AI/ML & BDD Frameworks,Thermo Fisher Scientific,,,,,https://builtin.com/job/senior-python-engineer-ai-ml-bdd-frameworks/10387762,10387762,2026-08-25
AI Demo Engineer,Sitetracker,,,,,https://builtin.com/job/ai-demo-engineer/10659765,10659765,2026-08-25
Applied Artificial Intelligence (AI) Engineer,Sensata Xirgo,,,,,https://builtin.com/job/applied-artificial-intelligence-ai-engineer/10780452,10780452,2026-08-25
AI Engineer,Airbus,,,,,https://builtin.com/job/ai-engineer/10778525,10778525,2026-08-25
"Senior Enterprise Software Engineer (DevSecOps,Terraform Iac, Python, Powershell, Azure, AI Integration)",Wolters Kluwer,,,,,https://builtin.com/job/senior-enterprise-software-engineer-devsecops-terraform-iac-python-powershell-azure-ai-integration/10777402,10777402,2026-08-25
"Senior Software Test Automation Engineer - (JavaScript, Playwright, AI Featured Testing, ETL Testing, SQL)",Wolters Kluwer,,,,,https://builtin.com/job/senior-software-test-automation-engineer-javascript-playwright-ai-featured-testing-etl-testing-sql/10777287,10777287,2026-08-25
Full Stack AI Lead Developer,Jabil,,,,,https://builtin.com/job/full-stack-ai-lead-developer/10776962,10776962,2026-08-25
Senior Agentic AI Engineer,Scopely,,,,,https://builtin.com/job/senior-agentic-ai-engineer/10776593,10776593,2026-08-25
Senior Software Test Engineer (Automation + AI),Allata,,,,,https://builtin.com/job/senior-software-test-engineer-automation-ai/10776120,10776120,2026-08-25
Backend Engineer (Cloud & AI Integration),BETSOL,,,,,https://builtin.com/job/backend-engineer-cloud-ai-integration/10775931,10775931,2026-08-25
Senior Agentic AI Engineer ID80140,AgileEngine,,,,,https://builtin.com/job/senior-agentic-ai-engineer-id80140/10775714,10775714,2026-08-25
Gravity- AI Engineer,NextHire Consulting,,,,,https://builtin.com/job/gravity-ai-engineer/10775566,10775566,2026-08-25
Lead AI Engineer ID80141,AgileEngine,,,,,https://builtin.com/job/lead-ai-engineer-id80141/10775516,10775516,2026-08-25
Software & AI Product Development Engineer,"Weekday, Inc.",,,,,https://builtin.com/job/software-ai-product-development-engineer/10775363,10775363,2026-08-25
Artificial Intelligence Developer,Kaufman Rossin,,,,,https://builtin.com/job/artificial-intelligence-developer/10774868,10774868,2026-08-25
AI Engineer,DXC Technology,,,,,https://builtin.com/job/ai-engineer/10770481,10770481,2026-08-25
Generative AI Developer,Broadridge,,,,,https://builtin.com/job/generative-ai-developer/10770388,10770388,2026-08-25
Senior AI Engineer,Nacre Capital,,,,,https://builtin.com/job/senior-ai-engineer/10768983,10768983,2026-08-25
Sr. AI Engineer,Automation Anywhere,,,,,https://builtin.com/job/sr-ai-engineer/10767972,10767972,2026-08-25
AI Ops - AI/ML Engineer,FICO,,,,,https://builtin.com/job/ai-ops-ai-ml-engineer/10767597,10767597,2026-08-25
Principal Engineer - AI Engineering,MontyCloud,,,,,https://builtin.com/job/principal-engineer-ai-engineering/10765682,10765682,2026-08-25
AI Senior Software Engineer,Clinisys,,,,,https://builtin.com/job/ai-senior-software-engineer/10764144,10764144,2026-08-25
Senior Lead AI Engineer,M&G,,,,,https://builtin.com/job/senior-lead-ai-engineer/10555794,10555794,2026-08-25
Software Engineer (AI）,Binance,,,,,https://builtin.com/job/software-engineer-ai/10759702,10759702,2026-08-25
Expleo Solutions - AI Engineer,NextHire Consulting,,,,,https://builtin.com/job/expleo-solutions-ai-engineer/10758135,10758135,2026-08-25
AI/ML Compiler & Runtime Software Engineer,GlobalFoundries,,,,,https://builtin.com/job/ai-ml-compiler-runtime-software-engineer/10757387,10757387,2026-08-25
Lead Product AI Data Engineer & Architect,Clarivate Analytics,,,,,https://builtin.com/job/lead-product-ai-data-engineer-architect/9611414,9611414,2026-08-25
AI Data Engineer,EXL,,,,,https://builtin.com/job/ai-data-engineer/10004732,10004732,2026-08-25
AI Engineer,Guidewire Software,,,,,https://builtin.com/job/ai-engineer/10001040,10001040,2026-08-25
Data Scientist | Data Engineer (AI & GTM Analytics),Cisco,,,,,https://builtin.com/job/data-scientist/10377243,10377243,2026-08-25
Senior Product Software Engineer (C#/ .NET Core / Gen AI / Angular OR Javascript OR Typescript OR React),Wolters Kluwer,,,,,https://builtin.com/job/senior-product-software-engineer-c-net-core-gen-ai-angular-or-javascript-or-typescript-or-react/9365269,9365269,2026-08-25
"Associate Distinguished Engineer, Java & AWS with AI solutioning",Nagarro,,,,,https://builtin.com/job/associate-distinguished-engineer-java-aws-ai-solutioning/10383274,10383274,2026-08-25
Lead Research Engineer - AI/ML,GE Vernova,,,,,https://builtin.com/job/lead-research-engineer-ai-ml/10755636,10755636,2026-08-25
Software Engineer (AI/ML),Nextiva,,,,,https://builtin.com/job/software-engineer-ai-ml/10214220,10214220,2026-08-25
AI Engineer,Tata Teleservices Limited,,,,,https://builtin.com/job/ai-engineer/10753485,10753485,2026-08-25
AI Engineer,Tata Tele Business Services,,,,,https://builtin.com/job/ai-engineer/10753264,10753264,2026-08-25
Senior Microsoft AI & Automation Engineer,RVS iGlobal,,,,,https://builtin.com/job/senior-microsoft-ai-automation-engineer/10750529,10750529,2026-08-25
Security Software Engineer II (AI),Sixt SE,,,,,https://builtin.com/job/security-software-engineer-ii-ai/10748949,10748949,2026-08-25
Lead / Manager Agentic AI Engineer - Claude Code & Codex,Blend360,,,,,https://builtin.com/job/lead-manager-agentic-ai-engineer-claude-code-codex/10746945,10746945,2026-08-25
AI & Data Engineer,Anovia Inc.,,,,,https://builtin.com/job/ai-data-engineer/10746813,10746813,2026-08-25
Senior Software Engineer - Machine Learning / AI Engineer,"Weekday, Inc.",,,,,https://builtin.com/job/senior-software-engineer-machine-learning-ai-engineer/10744790,10744790,2026-08-25
"Enterprise Cloud Software Engineer (Cloud Operations, AI Engineering, Azure/AWS)",Wolters Kluwer,,,,,https://builtin.com/job/enterprise-cloud-software-engineer-cloud-operations-ai-engineering-azure-aws/10573828,10573828,2026-08-25
AI Engineer,Barclays,,,,,https://builtin.com/job/ai-engineer/10744680,10744680,2026-08-25
"Lead Enterprise Software Engineer (Terraform Iac, Python, Powershell, Azure, AI Integration)",Wolters Kluwer,,,,,https://builtin.com/job/lead-enterprise-software-engineer-terraform-iac-python-powershell-azure-ai-integration/10744689,10744689,2026-08-25
Sr. AI Engineer (8–10 Years),Aligned Automation,,,,,https://builtin.com/job/sr-ai-engineer-8-10-years/10738913,10738913,2026-08-25
AI Engineer (5–8 Years),Aligned Automation,,,,,https://builtin.com/job/ai-engineer-5-8-years/10738890,10738890,2026-08-25
"Senior Machine Learning Engineer (AI/ML), ITC",Nike,,,,,https://builtin.com/job/senior-machine-learning-engineer-ai-ml-itc/10734796,10734796,2026-08-25
"Lead Machine Learning Engineer (AI/ML), ITC",Nike,,,,,https://builtin.com/job/lead-machine-learning-engineer-ai-ml-itc/10734776,10734776,2026-08-25
Agentic AI Engineer (ITSM & Enterprise Automation),Convera,,,,,https://builtin.com/job/agentic-ai-engineer-itsm-enterprise-automation/10734139,10734139,2026-08-25
AI/ML Engineer (Data Engineering + AI Focus),A.P. Moller - Maersk,,,,,https://builtin.com/job/ai-ml-engineer-data-engineering-ai-focus/10709848,10709848,2026-08-25
AI/ML Data Engineer- Sales Forecasting,Philips,,,,,https://builtin.com/job/ai-ml-data-engineer-sales-forecasting/10409576,10409576,2026-08-25
AI Engineer,apexanalytix,,,,,https://builtin.com/job/ai-engineer/10733929,10733929,2026-08-25
"Software Engineer (Agentic AI, LLM, Python | 5 to 8 Years)",Cisco,,,,,https://builtin.com/job/software-engineer-agentic-ai-llm-python-5-8-years/10733843,10733843,2026-08-25
Director of AI-Native Engineer,Payoneer,,,,,https://builtin.com/job/director-ai-native-engineer/10733589,10733589,2026-08-25
Lead AI Quality Automation Engineer - Vice President,Citi,,,,,https://builtin.com/job/lead-ai-quality-automation-engineer-vice-president/10733389,10733389,2026-08-25
QA Engineer with AI,Infoya,,,,,https://builtin.com/job/qa-engineer-ai/10366102,10366102,2026-08-25
Associate Software Engineer - AI,O.C. Tanner,,,,,https://builtin.com/job/associate-software-engineer-ai/10372032,10372032,2026-08-25
DevOps Engineer - AI Runtime Services,Demandbase,,,,,https://builtin.com/job/devops-engineer-ai-runtime-services/10368173,10368173,2026-08-25
AI Software Engineer,S&P Global,,,,,https://builtin.com/job/ai-software-engineer/10732980,10732980,2026-08-25
QE for AI Engineer,Zensar Technologies,,,,,https://builtin.com/job/qe-ai-engineer/10365252,10365252,2026-08-25
Senior Automation Test Engineer (AI-enabled QE),Zensar Technologies,,,,,https://builtin.com/job/senior-automation-test-engineer-ai-enabled-qe/10365285,10365285,2026-08-25
AI Automation Engineer (Workflow Automation & Integration),Zensar Technologies,,,,,https://builtin.com/job/ai-automation-engineer-workflow-automation-integration/10365388,10365388,2026-08-25
Senior System Software Engineer - Local AI,NVIDIA,,,,,https://builtin.com/job/senior-system-software-engineer-local-ai/10379904,10379904,2026-08-25
Senior AI Engineer,SoftClouds,,,,,https://builtin.com/job/senior-ai-engineer/10371447,10371447,2026-08-25
AI/ML Engineer,Hitachi,,,,,https://builtin.com/job/ai-ml-engineer/10361814,10361814,2026-08-25
Associate Engineer - AI/ML with Python,Harman,,,,,https://builtin.com/job/associate-engineer-ai-ml-python/10376651,10376651,2026-08-25
Senior Principal Engineer - AI Cyber Defense,Silicon Valley Bank,,,,,https://builtin.com/job/senior-principal-engineer-ai-cyber-defense/10530129,10530129,2026-08-25
Senior Principal Engineer - AI Cyber Defense (Perimeter Security),Silicon Valley Bank,,,,,https://builtin.com/job/senior-principal-engineer-ai-cyber-defense-perimeter-security/10714099,10714099,2026-08-25
"Software Engineer, Artificial Intelligence",Harman,,,,,https://builtin.com/job/software-engineer-artificial-intelligence/10732763,10732763,2026-08-25
AI/ML Engineer,Hewlett Packard Enterprise,,,,,https://builtin.com/job/ai-ml-engineer/10731907,10731907,2026-08-25
AI Application Engineer,AstraZeneca PLC,,,,,https://builtin.com/job/ai-application-engineer/10153834,10153834,2026-08-25
Software Engineer III - AI Performance Engineer,Candescent,,,,,https://builtin.com/job/software-engineer-iii-performance-engineer/9986584,9986584,2026-08-25
"Senior Solution Engineer - Full Stack (C#, .Net, Angular), AI, AI Enablement",Epicor,,,,,https://builtin.com/job/ai-enablement-architect-senior/10373639,10373639,2026-08-25
AI/ML Test Engineer - Immediate Joiners Only,SOAIS,,,,,https://builtin.com/job/ai-ml-test-engineer-immediate-joiners-only/10700749,10700749,2026-08-25
DevSecOps Engineer-AI Labs,Adani Group,,,,,https://builtin.com/job/devsecops-engineer-ai-labs/10339288,10339288,2026-08-25
AI Engineer (India),Lynx Analytics,,,,,https://builtin.com/job/ai-engineer-india/10351808,10351808,2026-08-25
Full Stack Software Engineer — AI / Cross-Platform (Fully Remote),Binance,,,,,https://builtin.com/job/react-frontend-engineer-bigpay-fully-remote/10328339,10328339,2026-08-25
AI Applications Engineer,Five9,,,,,https://builtin.com/job/ai-applications-engineer/10327433,10327433,2026-08-25
Sr. AI Security Engineer,Moderna,,,,,https://builtin.com/job/sr-ai-security-engineer/10727911,10727911,2026-08-25
Information Security Engineer (Generalist - AI & Automation Focus),Two95 International Inc.,,,,,https://builtin.com/job/information-security-engineer-generalist-ai-automation-focus/10726771,10726771,2026-08-25
Senior AI Engineer,"Weekday, Inc.",,,,,https://builtin.com/job/senior-ai-engineer/10722994,10722994,2026-08-25
Lead AI Engineer,"Weekday, Inc.",,,,,https://builtin.com/job/lead-ai-engineer/10722886,10722886,2026-08-25
AI and Automation Engineer,Broadridge,,,,,https://builtin.com/job/ai-and-automation-engineer/10721931,10721931,2026-08-25
Senior Cyber Security IAM AI Engineer,AT&T,,,,,https://builtin.com/job/senior-cyber-security-iam-ai-engineer/10721514,10721514,2026-08-25
AI Full Stack Developer - Fully Remote Opportunity,Zealogics LLC,,,,,https://builtin.com/job/ai-full-stack-developer-fully-remote-opportunity/10720768,10720768,2026-08-25
Principal Engineer | AI and Security  | 13+ years,Cisco,,,,,https://builtin.com/job/principal-engineer-ai-and-security-13-years/10720622,10720622,2026-08-25
AI Engineer - Forward Deployed,H2O.ai,,,,,https://builtin.com/job/ai-engineer-forward-deployed/10719371,10719371,2026-08-25
"Senior Engineer, AI Security & Automation",Danaher Corporation,,,,,https://builtin.com/job/senior-engineer-ai-security-automation/10713710,10713710,2026-08-25
REMOTE (INDIA):   AI Engineer- SaaS Platform,Marrina Decisions,,,,,https://builtin.com/job/remote-india-ai-engineer-saas-platform/10713041,10713041,2026-08-25
Lead AI/ML Engineer – Security AI & LLMs,SonicWall,,,,,https://builtin.com/job/lead-ai-ml-engineer-security-ai-llms/10712076,10712076,2026-08-25
Senior Software Development Engineer in Test (SDET)  - AI Cluster Networking and Security,Cerebras Systems Inc.,,,,,https://builtin.com/job/senior-software-development-engineer-test-sdet-ai-cluster-networking-and-security/10712074,10712074,2026-08-25
AI Security Engineer - Infrastructure Cloud,Emergent.sh,,,,,https://builtin.com/job/ai-security-engineer-infrastructure-cloud/10711986,10711986,2026-08-25
AI security Engineer,Thales,,,,,https://builtin.com/job/ai-security-engineer/10711663,10711663,2026-08-25
Staff Engineer 1 – Salesforce AI,InMobi,,,,,https://builtin.com/job/staff-engineer-1-salesforce-ai/10710350,10710350,2026-08-25
Generative AI Engineer,Sia Partners,,,,,https://builtin.com/job/generative-ai-engineer/10709840,10709840,2026-08-25
Lead Agentic AI Engineer/Architect,dentsu,,,,,https://builtin.com/job/staff-ai-engineer-director/9874922,9874922,2026-08-25
AI/ML Engineer,VML Enterprise Solutions,,,,,https://builtin.com/job/forward-deployed-ai-engineer/10656123,10656123,2026-08-25
Agentic AI Developer,Sutherland,,,,,https://builtin.com/job/agentic-ai-developer/10709308,10709308,2026-08-25
GEN AI/Prompt engineer,EXL,,,,,https://builtin.com/job/gen-ai-prompt-engineer/10708946,10708946,2026-08-25
Customer Engineering – Engineer II (AI/AWS),FICO,,,,,https://builtin.com/job/customer-engineering-engineer-ii/10708866,10708866,2026-08-25
Principal Software Engineer – AI SRE,Harness,,,,,https://builtin.com/job/principal-software-engineer-ai-sre/10708754,10708754,2026-08-25
AI Engineer,F5,,,,,https://builtin.com/job/ai-engineer/10707950,10707950,2026-08-25
Power Platform & AI Automation Engineer,Solventum,,,,,https://builtin.com/job/power-platform-ai-automation-engineer/10707755,10707755,2026-08-25
"Senior AI Engineer, KYC Operations - Vice President",Citi,,,,,https://builtin.com/job/senior-ai-engineer-kyc-operations-vice-president/10707289,10707289,2026-08-25
Distinguished Engineer – AI/ML,SonicWall,,,,,https://builtin.com/job/distinguished-engineer-ai-ml/10287444,10287444,2026-08-25
AI Automation Engineer,Beghou Consulting,,,,,https://builtin.com/job/ai-automation-engineer/10306279,10306279,2026-08-25
Lead AI/ML Engineer,3Pillar Global,,,,,https://builtin.com/job/lead-ai-ml-engineer/10306194,10306194,2026-08-25
AI Integration Engineer – Digital Transformation (m/f/d),Flix,,,,,https://builtin.com/job/ai-integration-engineer-digital-transformation-m-f-d/10665016,10665016,2026-08-25
Senior AI & Automation Solutions Engineer  (m/f/d),Flix,,,,,https://builtin.com/job/senior-ai-automation-solutions-engineer-m-f-d/10598673,10598673,2026-08-25
AI Engineer | Python | AI Agents | Machine Learning | Full Stack | Remote,E Edge Technology Pvt. Ltd.,,,,,https://builtin.com/job/ai-engineer-python-ai-agents-machine-learning-full-stack-remote/10702425,10702425,2026-08-25
Binance Accelerator Program -  AI Supportability Engineer,Binance,,,,,https://builtin.com/job/binance-accelerator-program-techops-engineer-apac-timezone/9919924,9919924,2026-08-25
Python data engineer - AI and ML applications - Vice president,Citi,,,,,https://builtin.com/job/application-development-technology-lead-analyst-vice-president/10285098,10285098,2026-08-25
Applied AI Engineer (Spanish-speaking),Hubs.is,,,,,https://builtin.com/job/applied-ai-engineer-spanish-speaking/10700770,10700770,2026-08-25
AI Operations Engineer,ClickHouse,,,,,https://builtin.com/job/ai-operations-engineer/10696913,10696913,2026-08-25
SDE II Conversational AI Developer- REMOTE,Full Potential Solutions,,,,,https://builtin.com/job/sde-ii-conversational-ai-developer-remote/10696622,10696622,2026-08-25
Senior AI Engineer,Clinisys,,,,,https://builtin.com/job/senior-ai-engineer/10695990,10695990,2026-08-25
AI Platform Engineer,Collinson,,,,,https://builtin.com/job/ai-platform-engineer/10695660,10695660,2026-08-25
AI Engineer,Collinson,,,,,https://builtin.com/job/ai-engineer/10695653,10695653,2026-08-25
Remote FullStack Engineer – React + Django – AI Systems,Spotter AI,,,,,https://builtin.com/job/remote-fullstack-engineer-react-django-ai-systems/10694102,10694102,2026-08-25
Remote Backend Django Engineer – AI & Algorithmic Systems,Spotter AI,,,,,https://builtin.com/job/remote-backend-django-engineer-ai-algorithmic-systems/10694097,10694097,2026-08-25
"Staff Software Engineer-Python, Gen AI,LLM",GE Vernova,,,,,https://builtin.com/job/staff-software-engineer/10258217,10258217,2026-08-25
AI GTM Engineer,SigNoz,,,,,https://builtin.com/job/gtm-engineer/10255867,10255867,2026-08-25
Junior Full-Stack Developer (AI-Assisted),Productiv Team,,,,,https://builtin.com/job/junior-full-stack-developer-ai-assisted/10689978,10689978,2026-08-25
Data Scientist / AI & ML Engineer,Hitachi,,,,,https://builtin.com/job/data-scientist-ai-ml-engineer/10687247,10687247,2026-08-25
Principal Engineer AI SDK,GlobalFoundries,,,,,https://builtin.com/job/principal-engineer-ai-sdk/10686146,10686146,2026-08-25
AI Platform Engineer (Gen AI),Veltris,,,,,https://builtin.com/job/ai-platform-engineer-gen-ai/10685040,10685040,2026-08-25
AI-ML Engineer,RMSI,,,,,https://builtin.com/job/ai-ml-engineer/10684946,10684946,2026-08-25
Lead AI Engineer - Agentic Engineering,Blend360,,,,,https://builtin.com/job/lead-ai-engineer-agentic-engineering/10684466,10684466,2026-08-25
AI-ML Engineer,TIS Labs Private Limited,,,,,https://builtin.com/job/ai-ml-engineer/10684281,10684281,2026-08-25
AI Automation Engineer,Xiarch Bharat Pvt Ltd,,,,,https://builtin.com/job/ai-automation-engineer/10682538,10682538,2026-08-25
Full Stack Developer Intern  (AI Focus),Helios Tech Labs,,,,,https://builtin.com/job/full-stack-developer-intern-ai-focus/10682256,10682256,2026-08-25
AI Developer/ Engineer,SID Global Solutions,,,,,https://builtin.com/job/ai-developer-engineer/10682050,10682050,2026-08-25
Associate Engineer - AI services,NTT DATA,,,,,https://builtin.com/job/associate-engineer-ai-services/10457749,10457749,2026-08-25
Lead Engineer - AI services,NTT DATA,,,,,https://builtin.com/job/lead-engineer-ai-services/10681361,10681361,2026-08-25
Pioneer Talent Program - AI-powered Productivity Platform Engineer,Binance,,,,,https://builtin.com/job/pioneer-talent-program-ai-powered-productivity-platform-engineer/9920021,9920021,2026-08-25
AI Engineer,G2,,,,,https://builtin.com/job/ai-engineer/10680172,10680172,2026-08-25
"Lead Engineer, AI/ML (India)",Code and Theory,,,,,https://builtin.com/job/lead-engineer-ai-ml-india/10424006,10424006,2026-08-25
"Software Engineer - Kubernetes (K8s) Go (Golang) Python Microservices,Linux,AI-assisted development - 8 to 10 years",Cisco,,,,,https://builtin.com/job/software-engineer-kubernetes-k8s-go-golang-python-microservices-linux-ai-assisted-development-8-10-years/10679383,10679383,2026-08-25
Sr. AI/ML Engineer - Gen AI Solution,Cyncly,,,,,https://builtin.com/job/ai-lead-gen-ai-solution/8989051,8989051,2026-08-25
Sr. AI/ML Engineer - SDLC,Cyncly,,,,,https://builtin.com/job/ai-lead-sdlc/8989050,8989050,2026-08-25
Senior AI Engineer,Criteo,,,,,https://builtin.com/job/senior-ai-engineer/10671424,10671424,2026-08-25
AI Test Engineer - VLabs,Vialto Partners,,,,,https://builtin.com/job/ai-test-engineer-vlabs/10670173,10670173,2026-08-25
Senior AI Engineer - Manager,Vialto Partners,,,,,https://builtin.com/job/senior-ai-engineer-manager/10670170,10670170,2026-08-25
Engineer - AI Controls Integrators,Trane Technologies,,,,,https://builtin.com/job/engineer-ai-controls-integrators/10667887,10667887,2026-08-25
Agentic AI Automation Developer,Trane Technologies,,,,,https://builtin.com/job/agentic-ai-automation-developer/10667311,10667311,2026-08-25
AI Engineer ( Freelancer/Consultant),"Weekday, Inc.",,,,,https://builtin.com/job/ai-engineer-freelancer-consultant/10665144,10665144,2026-08-25
Senior AI/ML Engineer - Unifyed,ElevenX Capital,,,,,https://builtin.com/job/senior-ai-ml-engineer-unifyed/10664604,10664604,2026-08-25
AI Automation Developer,Qvantel,,,,,https://builtin.com/job/ai-automation-developer/10661822,10661822,2026-08-25
AI Full-Stack Engineer,Version 1,,,,,https://builtin.com/job/ai-full-stack-engineer/10659723,10659723,2026-08-25
Lead Engineer -AI & Knowledge Systems - Noida,NeoXam,,,,,https://builtin.com/job/lead-engineer-ai-knowledge-systems-noida/10658427,10658427,2026-08-25
Senior Associate Engineer - AI Services,NTT DATA,,,,,https://builtin.com/job/senior-associate-engineer-ai-services/10658118,10658118,2026-08-25
"Advanced Engineer - AI/ML with Devops(GCP,AWS)",Harman,,,,,https://builtin.com/job/advanced-engineer-ai-ml-devops-gcp-aws/10655959,10655959,2026-08-25
Sr. Software Engineer - AI,Salesloft,,,,,https://builtin.com/job/staff-data-scientist-agentic-ai/10305645,10305645,2026-08-25
"Software Engineer - Kubernetes (K8s) Go (Golang) Python Microservices Linux / Containers Distributed Systems CI/CD , AI-assisted development - 4 to 8 years",Cisco,,,,,https://builtin.com/job/software-engineer-kubernetes-k8s-go-golang-python-microservices-linux-docker-containers-distributed-systems-ci-cd-4-8-years/10654896,10654896,2026-08-25
DCX Agentic AI Engineer,Alation,,,,,https://builtin.com/job/dcx-agentic-ai-engineer/10654676,10654676,2026-08-25
Senior AI Backend Engineer,Version 1,,,,,https://builtin.com/job/senior-ai-backend-engineer/10654242,10654242,2026-08-25
"Senior Agentic Engineer, AI Platform",Nightfall AI,,,,,https://builtin.com/job/senior-backend-software-engineer-ai-platform/10650260,10650260,2026-08-25
"Associate Principal Engineer, AI Architect",Nagarro,,,,,https://builtin.com/job/associate-principal-engineer-ai-architect/10646166,10646166,2026-08-25
"Principal Engineer, AI Architect",Nagarro,,,,,https://builtin.com/job/principal-engineer-ai-architect/10646145,10646145,2026-08-25
Founding AI Data Engineer - Optexity (India),Pear VC,,,,,https://builtin.com/job/founding-ai-data-engineer-optexity-india/10643314,10643314,2026-08-25
Senior Staff Engineer ( AI ),Experian,,,,,https://builtin.com/job/senior-staff-engineer-ai/10638951,10638951,2026-08-25
AI Data Solution Engineer,ERM,,,,,https://builtin.com/job/ai-data-solution-engineer/10638680,10638680,2026-08-25
"Senior Software Engineer - (Backend,AI)",Experian,,,,,https://builtin.com/job/senior-software-engineer-backend-ai/10637047,10637047,2026-08-25
Lead AI Engineer,Quantanite,,,,,https://builtin.com/job/lead-ai-engineer/10636826,10636826,2026-08-25
Artificial Intelligence Engineer,"Weekday, Inc.",,,,,https://builtin.com/job/artificial-intelligence-engineer/10636428,10636428,2026-08-25
Senior AI Engineer,Turgon AI,,,,,https://builtin.com/job/senior-ai-engineer/10636154,10636154,2026-08-25
Generative AI Engineer,Turgon AI,,,,,https://builtin.com/job/generative-ai-engineer/10636152,10636152,2026-08-25
AI Prompt Engineer (Commercial) - India,Worldwide Clinical Trials,,,,,https://builtin.com/job/ai-prompt-engineer-commercial-india/10635997,10635997,2026-08-25
AI Prompt Engineer (Finance) - India,Worldwide Clinical Trials,,,,,https://builtin.com/job/ai-prompt-engineer-finance-india/10635967,10635967,2026-08-25
"AI Backend Developer, Binance Square (Java, Golang, Python)",Binance,,,,,https://builtin.com/job/backend-developer-binance-square-golang-python-java/9919608,9919608,2026-08-25
Senior AI/ML Engineer,Maersk,,,,,https://builtin.com/job/senior-ai-ml-engineer/10635698,10635698,2026-08-25
Application Production Support Engineer - Generative AI Tools- Assistant Vice President,Citi,,,,,https://builtin.com/job/application-production-support-engineer-generative-ai-tools-assistant-vice-president/10635493,10635493,2026-08-25
Sr AI/ML Engineer – GenAI & Agentic AI,Franklin Templeton,,,,,https://builtin.com/job/sr-ai-ml-engineer-genai-agentic-ai/10634614,10634614,2026-08-25
AI/ML Engineer,ISHIR,,,,,https://builtin.com/job/ai-ml-engineer/10634582,10634582,2026-08-25
AI Product Engineer,KRAFTON India,,,,,https://builtin.com/job/ai-product-engineer/10634158,10634158,2026-08-25
Full Stack Engineer (AI),Binance,,,,,https://builtin.com/job/full-stack-engineer/9921245,9921245,2026-08-25
Google Cloud Generative AI Engineer (Vertex AI & Agentic AI),Capgemini,,,,,https://builtin.com/job/google-cloud-generative-ai-engineer-vertex-ai-agentic-ai/10616872,10616872,2026-08-25
"AI Engineer, Agentic Systems -Python- -Assistant Vice President",Citi,,,,,https://builtin.com/job/ai-engineer-agentic-systems-python-assistant-vice-president/10616514,10616514,2026-08-25
Sr. AI Engineer (Fullstack),Cyara,,,,,https://builtin.com/job/sr-ai-engineer-react-node/10615249,10615249,2026-08-25
AI Solution Developer Sr,Donaldson Company,,,,,https://builtin.com/job/ai-solution-developer-sr/10613953,10613953,2026-08-25
Gen AI/Python Engineer - Assistant Vice President,Citi,,,,,https://builtin.com/job/gen-ai-python-engineer-assistant-vice-president/9859268,9859268,2026-08-25
Senior AI/ ML Engineer,Epiq,,,,,https://builtin.com/job/senior-ai-ml-engineer/10330349,10330349,2026-08-25
AI Engineer,Capgemini,,,,,https://builtin.com/job/ai-engineer/10602414,10602414,2026-08-25
AI ML Engineer  (IT Infrastructure & Operations),Analog Devices,,,,,https://builtin.com/job/ai-ml-engineer-it-infrastructure-operations/10598749,10598749,2026-08-25
"Software Engineer - Python, React, AI, Exp: 4-8 Yrs, Bangalore",Cisco,,,,,https://builtin.com/job/software-engineer-python-react-ai-exp-4-8-yrs-bangalore/10598670,10598670,2026-08-25
Senior Applied AI Engineer,phData,,,,,https://builtin.com/job/senior-applied-ai-engineer/10596988,10596988,2026-08-25
Principal Data Engineer- Databricks & AI platform,GoTo,,,,,https://builtin.com/job/principal-data-engineer-databricks-ai-platform/10596766,10596766,2026-08-25
AI-Native Full Stack Developer,"Weekday, Inc.",,,,,https://builtin.com/job/ai-native-full-stack-developer/10596533,10596533,2026-08-25
AI GTM Engineer,WizCommerce,,,,,https://builtin.com/job/ai-gtm-engineer/10595957,10595957,2026-08-25
Senior Python AI/ML Engineer,InheritX Solutions,,,,,https://builtin.com/job/senior-python-ai-ml-engineer/10595787,10595787,2026-08-25
Software Engineer- Agentic AI Developer- 6+yrs exp,Cisco,,,,,https://builtin.com/job/software-engineer-agentic-ai-developer-6-yrs-exp/10595168,10595168,2026-08-25
Enterprise AI & Integrations Engineer (Bangalore),Everpure,,,,,https://builtin.com/job/procurement-technology-ai-systems-analyst-bangalore/10170377,10170377,2026-08-25
Lead Engineer - AI/ML,Esyasoft,,,,,https://builtin.com/job/lead-engineer-ai-ml/10590687,10590687,2026-08-25
AI Engineer Global IT Infrastructure,Vishay Intertechnology,,,,,https://builtin.com/job/ai-engineer-global-it-infrastructure/9791232,9791232,2026-08-25
AI Engineer,Ecolab,,,,,https://builtin.com/job/ai-engineer/10148843,10148843,2026-08-25
Senior Java AI Engineer,SS&C Technologies,,,,,https://builtin.com/job/senior-java-ai-engineer/10586188,10586188,2026-08-25
AI Platform Engineer,Qube Research & Technologies,,,,,https://builtin.com/job/ai-platform-engineer/10578013,10578013,2026-08-25
Agentic AI + RPA Developer - 1967,Medline Industries,,,,,https://builtin.com/job/agentic-ai-rpa-developer-1967/10577813,10577813,2026-08-25
AI Devops Engineer,Technoidentity,,,,,https://builtin.com/job/ai-devops-engineer/10576060,10576060,2026-08-25
"Software Engineer, Distributed Systems & AI Agents (Senior Level)",Instabase,,,,,https://builtin.com/job/software-engineer-distributed-systems-ai-agents-senior-level/10527083,10527083,2026-08-25
AI/ML Engineer,Uvation,,,,,https://builtin.com/job/ai-ml-engineer/10573851,10573851,2026-08-25
Lead Engineer - Full Stack (AI),Zenoti,,,,,https://builtin.com/job/lead-engineer-full-stack-ai/10573795,10573795,2026-08-25
"Software Engineer(3-4 years) (C#/C/Python, Devops, Automation, AI)","Motorola Solutions, Inc.",,,,,https://builtin.com/job/software-engineer-c-c-python-devops-automation-ai/10563262,10563262,2026-08-25
Agentic AI- Senior Software Engineer,Sopra Steria,,,,,https://builtin.com/job/agentic-ai-senior-software-engineer/10559484,10559484,2026-08-25
Senior Software Engineer II - AI Platforms,MX Build Technologies India Private Limited,,,,,https://builtin.com/job/senior-software-engineer-ii-ai-platforms/10558040,10558040,2026-08-25
AI Engineer,Brainwonders,,,,,https://builtin.com/job/ai-engineer/10556635,10556635,2026-08-25
Senior Software Engineer - AI Tools,Experian,,,,,https://builtin.com/job/senior-software-engineer-ai-tools/10555739,10555739,2026-08-25
Principal AI Engineer,BuzzBoard,,,,,https://builtin.com/job/principal-ai-engineer/10555378,10555378,2026-08-25
AI Engineering – Lead Engineer,FICO,,,,,https://builtin.com/job/ai-engineering-lead-engineer/10554921,10554921,2026-08-25
Lead AI Engineer,Qualys,,,,,https://builtin.com/job/lead-ai-engineer/10554337,10554337,2026-08-25
Lead Data & AI Engineer,Qualys,,,,,https://builtin.com/job/lead-ai-engineer/10554338,10554338,2026-08-25
"Senior Application Engineer - AI (Python, FastAPI & LLM)",Guidewire Software,,,,,https://builtin.com/job/senior-application-engineer-ai-python-fastapi-llm/10553581,10553581,2026-08-25
Principal GenAI & Agentic AI Engineer,Sabre Corporation,,,,,https://builtin.com/job/principal-genai-agentic-ai-engineer/10551696,10551696,2026-08-25
System Software Engineer - Local AI,NVIDIA,,,,,https://builtin.com/job/system-software-engineer-local-ai/10551523,10551523,2026-08-25
"Senior HPC Cluster Engineer - AI, ML",NVIDIA,,,,,https://builtin.com/job/senior-hpc-cluster-engineer-ai-ml/10551500,10551500,2026-08-25
"ML Engineer/Scientist, AI Platform",Nightfall AI,,,,,https://builtin.com/job/ai-engineer-scientist/10547549,10547549,2026-08-25
AI ML Data Engineer/ Scientist,Synechron,,,,,https://builtin.com/job/ai-ml-data-engineer-scientist/10537695,10537695,2026-08-25
AI Developer,nCircle Tech,,,,,https://builtin.com/job/ai-developer/10532321,10532321,2026-08-25
Lead AI/ML Engineer - R01569428,Brillio,,,,,https://builtin.com/job/lead-ai-ml-engineer-r01569428/10530326,10530326,2026-08-25
AI Cloud Engineer,Solventum,,,,,https://builtin.com/job/ai-cloud-engineer/10525611,10525611,2026-08-25
Staff Software Engineer - Gen AI,Commonwealth Bank,,,,,https://builtin.com/job/staff-software-engineer/10525586,10525586,2026-08-25
Forward Deployed AI Engineer,Convatec,,,,,https://builtin.com/job/forward-deployed-ai-engineer/10133577,10133577,2026-08-25
Software Development Engineer I - AI,Saas Labs,,,,,https://builtin.com/job/software-development-engineer-i-ai/10337747,10337747,2026-08-25
Senior Software Engineer - AI,Lyric - Clarity in motion.,,,,,https://builtin.com/job/senior-software-engineer-ai/10524081,10524081,2026-08-25
Gen AI Engineer,NucleusTeq,,,,,https://builtin.com/job/gen-ai-engineer/10523716,10523716,2026-08-25
Senior Developer - AI Platform,MariaDB Corporation,,,,,https://builtin.com/job/senior-developer-ai-platform/10523259,10523259,2026-08-25
Software Engineer - AI Platform,MariaDB Corporation,,,,,https://builtin.com/job/senior-software-engineer-ai-platform/10523243,10523243,2026-08-25
Agentic AI & RPA Developer,Hewlett Packard Enterprise,,,,,https://builtin.com/job/agentic-ai-rpa-developer/10521497,10521497,2026-08-25
Senior AI Engineer / Data Scientist (Agentic AI),SRM Technologies,,,,,https://builtin.com/job/senior-ai-engineer-data-scientist-agentic-ai/10521315,10521315,2026-08-25
Senior AI Engineer,Zelis,,,,,https://builtin.com/job/senior-ai-engineer/10520203,10520203,2026-08-25
"Senior Engineer, Agentic AI & MLOps Engineering (5-8 years)",Sandisk Corporation,,,,,https://builtin.com/job/senior-engineer-agentic-ai-mlops-engineering-5-8-years/10519299,10519299,2026-08-25
Staff AI Software Engineer,GE Vernova,,,,,https://builtin.com/job/staff-ai-software-engineer/10113313,10113313,2026-08-25
Senior Developer Agentic AI,S&P Global,,,,,https://builtin.com/job/senior-developer-agentic-ai/10507810,10507810,2026-08-25
Gen AI Engineer with Python | Consultant / Senior Consultant,Alignity,,,,,https://builtin.com/job/gen-ai-engineer-python-consultant-senior-consultant/10507157,10507157,2026-08-25
Senior AI Engineer - Career,Equifax Inc.,,,,,https://builtin.com/job/senior-ai-engineer-career/10504546,10504546,2026-08-25
AI Software Engineer,Practice by Numbers,,,,,https://builtin.com/job/ai-software-engineer/10504058,10504058,2026-08-25
Lead Software Engineer – AI Platform Engineering,Neuron7.ai,,,,,https://builtin.com/job/lead-software-engineer-ai-platform-engineering/10503291,10503291,2026-08-25
Senior AI-Native Engineer,Payoneer,,,,,https://builtin.com/job/senior-front-end-engineer/8111118,8111118,2026-08-25
"Senior Software  Engineer (.NET, AWS, AI)",NICE,,,,,https://builtin.com/job/senior-software-engineer-net-aws-ai/10501656,10501656,2026-08-25
Software Engineer - AI,Anaplan,,,,,https://builtin.com/job/software-engineer-ai/10500203,10500203,2026-08-25
Lead Architect & AI-Native Engineer (IC)-Ext,Atlas Systems,,,,,https://builtin.com/job/lead-architect-ai-native-engineer-ic-ext/10498348,10498348,2026-08-25
AI Engineer,Dentsu Creative,,,,,https://builtin.com/job/lead-ai-engineer/10093648,10093648,2026-08-25
AI Engineer,dentsu,,,,,https://builtin.com/job/lead-ai-engineer/10094174,10094174,2026-08-25
Software Engineer (.NET + AI),Artic Consulting,,,,,https://builtin.com/job/mid-level-microsoft-app-developer-ahmedabad-india/7465652,7465652,2026-08-25
Senior AI Engineer,Ciklum,,,,,https://builtin.com/job/senior-ai-engineer/10479775,10479775,2026-08-25
GenAI / AI-ML Engineer,Two95 International Inc.,,,,,https://builtin.com/job/genai-ai-ml-engineer/10475117,10475117,2026-08-25
Senior Full Stack Developer (Microsoft Technologies+ AI),Artic Consulting,,,,,https://builtin.com/job/sr-full-stack-developer-ahmedabad-india/7465651,7465651,2026-08-25
Sr. AI Engineer/ AI Architect,KlearNow,,,,,https://builtin.com/job/ai-architect/4584787,4584787,2026-08-25
